source,target,category,note
誘導弾,诱导弹,武器术语,TDA fixed: do not mix with missile
ミサイル,导弹,武器术语,TDA fixed: Japanese missile katakana; TDA00 baseline: katakana_foreign_word
マブラヴ,Muv-Luv,作品标题,系列标题保留英文官方写法
Muv-Luv,Muv-Luv,作品标题,系列标题保留英文官方写法
マブラヴ オルタネイティヴ,Muv-Luv Alternative,作品标题,核心三部最终章
Muv-Luv Alternative,Muv-Luv Alternative,作品标题,核心三部最终章
Muv-Luv Unlimited,Muv-Luv Unlimited,作品标题,核心三部第二篇章
Muv-Luv Extra,Muv-Luv Extra,作品标题,核心三部第一篇章
Muv-Luv Unlimited The Day After,Muv-Luv Unlimited The Day After,作品标题,TDA
Muv-Luv Resonative,Muv-Luv Resonative,作品标题,TDA后续标题
Muv-Luv INTEGRATE,Muv-Luv INTEGRATE,作品标题,Alternative后续企划
Total Eclipse,Total Eclipse,作品标题,外传标题
Schwarzesmarken,Schwarzesmarken,作品标题,外传标题；作为部队名时可译黑之宣告
Euro Front,Euro Front,作品标题,欧洲战线外传
Photonflowers,Photonflowers,作品标题,外传合集
Photonmelodies,Photonmelodies,作品标题,外传合集
Muv-Luv Supplement,Muv-Luv Supplement,作品标题,Fan disc
Muv-Luv Altered Fable,Muv-Luv Altered Fable,作品标题,Alternative fan disc
Muv-Luv Alternative Chronicles,Muv-Luv Alternative Chronicles,作品标题,Chronicles合集
Muv-Luv Dimensions,Muv-Luv Dimensions,作品标题,手游标题
Immortals: Muv-Luv Alternative,Immortals: Muv-Luv Alternative,作品标题,手游旧标题
Muv-Luv Alternative: Strike Frontier,Muv-Luv Alternative: Strike Frontier,作品标题,手游/外传标题
Muv-Luv Duelist,Muv-Luv Duelist,作品标题,卡牌游戏相关
RumblingAngel,RumblingAngel,作品标题,卡牌游戏相关
Kimi ga Nozomu Eien,你所期望的永远,关联作品,âge关联作品
Akane Maniax,Akane Maniax,关联作品,Muv-Luv前日谈性质关联作品
白銀武,白银武,核心角色,日本姓名
Takeru Shirogane,白银武,核心角色,英文版姓名
鑑純夏,鉴纯夏,核心角色,日本姓名
Sumika Kagami,鉴纯夏,核心角色,英文版姓名
御剣冥夜,御剑冥夜,核心角色,日本姓名
Meiya Mitsurugi,御剑冥夜,核心角色,英文版姓名
榊千鶴,榊千鹤,核心角色,日本姓名
Chizuru Sakaki,榊千鹤,核心角色,英文版姓名
彩峰慧,彩峰慧,核心角色,日本姓名
Kei Ayamine,彩峰慧,核心角色,英文版姓名
珠瀬壬姫,珠濑壬姬,核心角色,日本姓名
Miki Tamase,珠濑壬姬,核心角色,英文版姓名
鎧衣尊人,铠衣尊人,核心角色,Extra男性角色
鎧衣美琴,铠衣美琴,核心角色,Unlimited/Alternative女性角色
Mikoto Yoroi,铠衣美琴,核心角色,英文名需按语境；战争线优先美琴
神宮司まりも,神宫司麻理茉,人物,用户确认：TDA01-03 固定译名
Marimo Jinguuji,神宫司麻理茂,核心角色,英文版姓名
香月夕呼,香月夕呼,核心角色,Alternative IV核心人物
Yuuko Kouzuki,香月夕呼,核心角色,英文版姓名
社霞,社霞,核心角色,00单元关联角色
Kasumi Yashiro,社霞,核心角色,英文版姓名
月詠真那,月咏真那,帝国/斯卫,斯卫军
Mana Tsukuyomi,月咏真那,帝国/斯卫,英文版姓名
御剣悠陽,御剑悠阳,帝国/斯卫,冥夜相关
煌武院悠陽,煌武院悠阳,帝国/斯卫,将军家姓名
Yuuhi Mitsurugi,御剑悠阳,帝国/斯卫,英文版姓名
伊隅みちる,伊隅美知留,A-01,伊隅女武神队长
Michiru Isumi,伊隅美知留,A-01,英文版姓名
速瀬水月,速濑水月,A-01,队员
Mitsuki Hayase,速濑水月,A-01,英文版姓名
涼宮遙,凉宫遥,A-01/âge关联,队员/关联角色
Haruka Suzumiya,凉宫遥,A-01/âge关联,英文版姓名
涼宮茜,凉宫茜,A-01/âge关联,队员/关联角色
Akane Suzumiya,凉宫茜,A-01/âge关联,英文版姓名
宗像美冴,宗像美冴,A-01,队员
Misae Munakata,宗像美冴,A-01,英文版姓名
風間祷子,风间祷子,A-01,队员
Touko Kazama,风间祷子,A-01,英文版姓名
柏木晴子,柏木晴子,A-01/训练队,队员
Haruko Kashiwagi,柏木晴子,A-01/训练队,英文版姓名
沙霧尚哉,沙雾尚哉,帝国/斯卫,12·5事件
Naoya Sagiri,沙雾尚哉,帝国/斯卫,英文版姓名
ユウヤ・ブリッジス,勇哉·布里吉斯,Total Eclipse,日文版姓名
Yuuya Bridges,勇哉·布里吉斯,Total Eclipse,英文版姓名
篁唯依,篁唯依,Total Eclipse,日本帝国相关
Yui Takamura,篁唯依,Total Eclipse,英文版姓名
Vincent Lowell,文森特·洛厄尔,Total Eclipse,Argos相关
Tarisa Manandal,塔莉莎·玛南戴尔,Total Eclipse,Argos相关
Stella Bremer,斯黛拉·布雷默,Total Eclipse,Argos相关
Valerio Giacosa,瓦莱里奥·贾科萨,Total Eclipse,Argos相关
Ibrahim Doğulu,易卜拉欣·多古鲁,Total Eclipse,Argos相关
Cryska Barchenowa,克丽斯嘉·比亚切诺娃,Total Eclipse,苏联相关
Inia Sestina,伊妮亚·谢斯季娜,Total Eclipse,苏联相关
Cui Yifei,崔亦菲,Total Eclipse,中国相关
Leon Kuze,莱昂·久世,Total Eclipse,美国相关
Sharon Heim,莎伦·艾姆,Total Eclipse,美国相关
Fikatsia Latrova,菲卡齐娅·拉托洛娃,Total Eclipse,Zhar营
Natasha Ivanova,娜斯塔莎·伊万诺娃,Total Eclipse,Zhar营
Edge Sandaku,艾吉·桑达克,Total Eclipse,配角
Lida Canales,莉达·卡纳雷斯,Total Eclipse,配角
Frank Heinemann,弗兰克·海涅曼,Total Eclipse,配角
Phoebe Theodorakis,菲比·西奥多拉基斯,Total Eclipse,配角
Niram Lawanunando,尼拉姆·拉瓦努南德,Total Eclipse,配角
Eiji Iwaya,岩谷荣二,Total Eclipse,日本帝国相关
Kazusa Yamashiro,山城上总,Total Eclipse,京都防卫战相关
Izumi Noto,能登和泉,Total Eclipse,京都防卫战相关
Aki Iwami,石见安艺,Total Eclipse,京都防卫战相关
Theodor Eberbach,提奥多尔·艾伯巴赫,Schwarzesmarken,主角
Irisdina Bernhard,爱丽丝蒂娜·伯恩哈德,Schwarzesmarken,第666中队
Katia Waldheim,卡蒂娅·瓦尔德海姆,Schwarzesmarken,第666中队
Lise Hohenstein,丽姿·霍恩施泰因,Schwarzesmarken,第666中队
Gretel Jeckeln,格蕾特尔·耶克伦,Schwarzesmarken,第666中队
Anett Hosenfeld,阿妮特·霍森菲尔德,Schwarzesmarken,第666中队
Pham Thi Rang,范氏兰,Schwarzesmarken,第666中队
Sylvia Kschessinska,西尔维娅·克谢辛斯卡娅,Schwarzesmarken,第666中队
Beatrix Brehme,贝娅特丽克丝·布雷默,Schwarzesmarken,史塔西相关
Heinz Axmann,海因茨·阿克斯曼,Schwarzesmarken,史塔西相关
Tactical Surface Fighter,战术机,世界观术语,TSF
TSF,战术机,世界观术语,Tactical Surface Fighter缩写
戦術機,战术机,世界观术语,日本简称
戦術歩行戦闘機,战术机,世界观术语,日本全称
衛士,卫士,世界观术语,TSF pilot / surface pilot 固定译名
BETA,BETA,世界观术语,外星敌对生命体；保留英文缩写
HIVE,HIVE,世界观术语,可按个人喜好改为巢穴
Original Hive,原始HIVE,世界观术语,喀什噶尔HIVE
Yokohama Base,横滨基地,地点,联合国基地
UN Yokohama Base,联合国横滨基地,地点,基地全称
Kashgar,喀什噶尔,地点,原始HIVE所在地
Yukon Base,育空基地,地点,Total Eclipse
Kamchatka,堪察加,地点,Total Eclipse战线
Sado Island,佐渡岛,地点,甲21号目标
UN Forces,联合国军,组织,国连军
Imperial Army,帝国军,组织,日本帝国军
Imperial Royal Guard,帝国斯卫军,组织,斯卫军
Stasi,史塔西,组织,东德国家安全部
KGB,KGB,组织,苏联国家安全委员会
Alternative IV,Alternative IV 计划,计划/作战,香月夕呼主导
Alternative V,Alternative V 计划,计划/作战,地球放弃计划
桜花作戦,樱花作战,计划/作战,Alternative终盘作战
甲21号作戦,甲21号作战,计划/作战,佐渡岛HIVE攻略
明星作戦,明星作战,计划/作战,横滨HIVE攻略
Operation Lucifer,路西法作战,计划/作战,外传作战名
Isumi Valkyries,伊隅女武神,部队,A-01
207th TSF Training Squadron,207卫士训练小队,部队,训练小队
Project PROMINENCE,PROMINENCE计划,部队/计划,Total Eclipse
Argos Test Flight,阿尔戈斯试验小队,部队,Total Eclipse
Zhar Battalion,Zhar营,部队,Total Eclipse苏联部队
666th TSF Squadron,第666战术机中队,部队,Schwarzesmarken
Laser Class,光线级,BETA种类,对空威胁
Heavy Laser Class,重光线级,BETA种类,大型光线级
Fort Class,要塞级,BETA种类,大型种
Destroyer Class,突击级,BETA种类,冲锋型
Grappler Class,要击级,BETA种类,近战大型种
Tank Class,战车级,BETA种类,小型种
Warrior Class,斗士级,BETA种类,小型种
Soldier Class,兵士级,BETA种类,小型种
G-Element,G元素,世界观术语,元素G
G-Bomb,G弹,世界观术语,重力相关兵器
Rutherford Field,拉瑟福场,世界观术语,凄乃皇相关
Susano-O,凄乃皇,兵器/机体,XG-70
XG-70,XG-70 凄乃皇,兵器/机体,决战兵器
Shiranui,不知火,战术机,日本主力机
Shiranui Second,不知火二型,战术机,XFJ成果机
Takemikazuchi,武御雷,战术机,帝国斯卫军机
Fubuki,吹雪,战术机,训练机
Gekishin,击震,战术机,F-4J
Zuikaku,瑞鹤,战术机,日本机
Kagerou,阳炎,战术机,F-15J
F-4 Phantom,F-4 鬼怪,战术机,美系
F-15 Eagle,F-15 鹰,战术机,美系
F-15E Strike Eagle,F-15E 攻击鹰,战术机,美系
F-16 Fighting Falcon,F-16 战隼,战术机,美系
F/A-18 Hornet,F/A-18 大黄蜂,战术机,美系
F-22A Raptor,F-22A 猛禽,战术机,美系
F-35 Lightning II,F-35 闪电II,战术机,美系
A-10 Thunderbolt II,A-10 雷电II,战术机,美系
EF-2000 Typhoon,EF-2000 台风,战术机,欧系
Rafale,阵风,战术机,欧系
Gripen,鹰狮,战术机,欧系
Su-37 Terminator,Su-37 终结者,战术机,苏系
Su-47 Berkut,Su-47 金雕,战术机,苏系
MiG-21 Balalaika,MiG-21 巴拉莱卡,战术机,苏系
MiG-23 Cheburashka,MiG-23 切布拉什卡,战术机,苏系
因果導体,因果导体,世界观术语,武的特殊状态
Causality Conductor,因果导体,世界观术语,英文版术语
00 Unit,00单元,世界观术语,鉴纯夏相关
Quantum Conductive Brain,量子导电脑,世界观术语,00单元相关
XM3,XM3,系统/装备,战术机OS
Assault Cannon,突击炮,装备,战术机武装
Jump Unit,跳跃单元,装备,战术机装备
Type-74 PB Blade,74式近接长刀,装备,战术机武装
月詠 真那,月咏真那,角色/本地人名,LunaTranslator本地人名变体
月詠 真耶,月咏真耶,角色/本地人名,LunaTranslator本地人名变体
鎧衣 左近,铠衣左近,角色/本地人名,LunaTranslator本地人名变体
鎧衣左近,铠衣左近,角色/本地人名,LunaTranslator本地人名变体
煌武院 悠陽,煌武院悠阳,角色/本地人名,LunaTranslator本地人名变体
小沢 久彌,小泽久弥,角色/本地人名,LunaTranslator本地人名变体
小沢久彌,小泽久弥,角色/本地人名,LunaTranslator本地人名变体
小澤久彌,小泽久弥,角色/本地人名,旧字体变体
安倍 智彦,安倍智彦,角色/本地人名,LunaTranslator本地人名变体
安倍智彦,安倍智彦,角色/本地人名,LunaTranslator本地人名变体
斑鳩 崇継,斑鸠崇继,角色/本地人名,LunaTranslator本地人名变体
斑鳩崇継,斑鸠崇继,角色/本地人名,LunaTranslator本地人名变体
蓮川,莲川,角色/本地人名,LunaTranslator本地人名变体
山城 上総,山城上总,角色/本地人名,LunaTranslator本地人名变体
甲斐 志摩子,甲斐志摩子,角色/本地人名,LunaTranslator本地人名变体
石見 安芸,石见安艺,角色/本地人名,LunaTranslator本地人名变体
能登 和泉,能登和泉,角色/本地人名,LunaTranslator本地人名变体
崇宰 恭子,崇宰恭子,角色/本地人名,LunaTranslator本地人名变体
崇宰恭子,崇宰恭子,角色/本地人名,LunaTranslator本地人名变体
如月 佳織,如月佳织,角色/本地人名,LunaTranslator本地人名变体
如月佳織,如月佳织,角色/本地人名,LunaTranslator本地人名变体
真田 晃蔵,真田晃藏,角色/本地人名,LunaTranslator本地人名变体
真田晃蔵,真田晃藏,角色/本地人名,LunaTranslator本地人名变体
斉藤 貴子,齐藤贵子,角色/本地人名,LunaTranslator本地人名变体
斉藤貴子,齐藤贵子,角色/本地人名,LunaTranslator本地人名变体
巌谷 榮二,岩谷荣二,角色/本地人名,LunaTranslator本地人名变体
巌谷榮二,岩谷荣二,角色/本地人名,LunaTranslator本地人名变体
篁 祐唯,篁祐唯,角色/本地人名,LunaTranslator本地人名变体
篁 栴納,篁栴纳,角色/本地人名,LunaTranslator本地人名变体
篁栴納,篁栴纳,角色/本地人名,LunaTranslator本地人名变体
His Excellency,阁下,称谓,英语称谓
Capt.,舰长,称谓,英文本地人名抽取中常见缩写；按舰船语境处理
Kanchou,舰长,称谓,日语罗马字称谓
艦長,舰长,称谓,军事称谓; TDA00 baseline: kanji_person_or_rank_name
BETA Strains,BETA种类,BETA,分类页术语
Strains,种类,BETA,BETA语境下
Warrior-class,斗士级,BETA,BETA种类
Soldier-Class,兵士级,BETA,BETA种类
Soldier-class,兵士级,BETA,BETA种类
Tank-Class,战车级,BETA,BETA种类
Tank-class,战车级,BETA,BETA种类
Laser-Class,光线级,BETA,BETA种类
Laser-class,光线级,BETA,BETA种类
Heavy Laser-Class,重光线级,BETA,BETA种类
Heavy Laser-class,重光线级,BETA,BETA种类
Grappler-Class,要击级,BETA,BETA种类
Grappler-class,要击级,BETA,BETA种类
Destroyer-Class,突击级,BETA,BETA种类
Destroyer-class,突击级,BETA,BETA种类
Fort-Class,要塞级,BETA,BETA种类
Fort-class,要塞级,BETA,BETA种类
Carrier-Class,母舰级,BETA,BETA种类
Carrier-class,母舰级,BETA,BETA种类
Megaworm,巨型蠕虫,BETA,母舰级别称
The Superior,上位存在,BETA,Alternative终盘
Superior,上位存在,BETA,Alternative终盘
上位存在,上位存在,BETA,Alternative终盘
Target A,A号目标,BETA,桜花作战目标
あ号標的,A号目标,BETA,桜花作战目标
A-gou hyouteki,A号目标,BETA,罗马字
Hive Reactor,HIVE反应炉,BETA,HIVE核心
Reactor,反应炉,BETA,HIVE语境
Barrier,屏障,BETA,BETA结构
Laser Fort-Class,光线要塞级,BETA,BETA种类
Hammerhead-Class,锤头级,BETA,Strike Frontier
Siliconians,硅基生命体,BETA,创造主相关
Creators,创造主,BETA,BETA设定
Creator,创造主,BETA,BETA设定
創造主,创造主,BETA,BETA设定
Haiburu,海布鲁,BETA,BETA相关页面
List of BETA Hives,BETA HIVE列表,HIVE/地点,分类页术语
Hive 01,HIVE 01,HIVE/地点,喀什噶尔
Hive 02,HIVE 02,HIVE/地点,马什哈德
Hive 03,HIVE 03,HIVE/地点,乌拉尔斯克
Hive 04,HIVE 04,HIVE/地点,韦尔斯克
Hive 05,HIVE 05,HIVE/地点,明斯克
Hive 06,HIVE 06,HIVE/地点,埃基巴斯图兹
Hive 07,HIVE 07,HIVE/地点,苏尔古特
Hive 08,HIVE 08,HIVE/地点,罗瓦涅米
Hive 09,HIVE 09,HIVE/地点,安巴尔
Hive 10,HIVE 10,HIVE/地点,诺金斯克
Hive 11,HIVE 11,HIVE/地点,布达佩斯
Hive 12,HIVE 12,HIVE/地点,里昂
Hive 13,HIVE 13,HIVE/地点,博帕尔
Hive 14,HIVE 14,HIVE/地点,敦煌
Hive 15,HIVE 15,HIVE/地点,克拉斯诺亚尔斯克
Hive 16,HIVE 16,HIVE/地点,重庆
Hive 17,HIVE 17,HIVE/地点,曼德勒
Hive 18,HIVE 18,HIVE/地点,乌兰巴托
Hive 19,HIVE 19,HIVE/地点,布拉戈维申斯克
Hive 20,HIVE 20,HIVE/地点,铁原
Hive 21,HIVE 21,HIVE/地点,佐渡岛
Hive 22,HIVE 22,HIVE/地点,横滨
Hive 23,HIVE 23,HIVE/地点,奥廖克明斯克
Hive 24,HIVE 24,HIVE/地点,哈坦加
Hive 25,HIVE 25,HIVE/地点,维尔霍扬斯克
Hive 26,HIVE 26,HIVE/地点,埃文斯克
Primary Objective,首要目标,HIVE/地点,原始HIVE
Objective 21,21号目标,HIVE/地点,佐渡岛HIVE
Kashgar Hive,喀什噶尔HIVE,HIVE/地点,原始HIVE
Mashhad Hive,马什哈德HIVE,HIVE/地点,HIVE 02
Ural'sk Hive,乌拉尔斯克HIVE,HIVE/地点,HIVE 03
Velsk Hive,韦尔斯克HIVE,HIVE/地点,HIVE 04
Minsk Hive,明斯克HIVE,HIVE/地点,HIVE 05
Ekibastuz Hive,埃基巴斯图兹HIVE,HIVE/地点,HIVE 06
Surgut Hive,苏尔古特HIVE,HIVE/地点,HIVE 07
Rovaniemi Hive,罗瓦涅米HIVE,HIVE/地点,HIVE 08
Anbar Hive,安巴尔HIVE,HIVE/地点,HIVE 09
Al Anbar Hive,安巴尔HIVE,HIVE/地点,HIVE 09
Noginsk Hive,诺金斯克HIVE,HIVE/地点,HIVE 10
Budapest Hive,布达佩斯HIVE,HIVE/地点,HIVE 11
Lyons Hive,里昂HIVE,HIVE/地点,HIVE 12
Bhopal Hive,博帕尔HIVE,HIVE/地点,HIVE 13
Dunhuang Hive,敦煌HIVE,HIVE/地点,HIVE 14
Krasnoyarsk Hive,克拉斯诺亚尔斯克HIVE,HIVE/地点,HIVE 15
Chongqing Hive,重庆HIVE,HIVE/地点,HIVE 16
Mandalay Hive,曼德勒HIVE,HIVE/地点,HIVE 17
Ulan Bator Hive,乌兰巴托HIVE,HIVE/地点,HIVE 18
Blagoveshchensk Hive,布拉戈维申斯克HIVE,HIVE/地点,HIVE 19
Cheorwon Hive,铁原HIVE,HIVE/地点,HIVE 20
Sadogashima Hive,佐渡岛HIVE,HIVE/地点,HIVE 21
Yokohama Hive,横滨HIVE,HIVE/地点,HIVE 22
Olyokminsk Hive,奥廖克明斯克HIVE,HIVE/地点,HIVE 23
Khatanga Hive,哈坦加HIVE,HIVE/地点,HIVE 24
Verkhoyansk Hive,维尔霍扬斯克HIVE,HIVE/地点,HIVE 25
Evensk Hive,埃文斯克HIVE,HIVE/地点,HIVE 26
Main Shaft,主轴,HIVE/结构,HIVE结构
Stab,突刺部,HIVE/结构,HIVE结构
Core Unit,核心单元,HIVE/结构,HIVE结构
Hive Core,HIVE核心,HIVE/结构,HIVE结构
Main Core Chamber,主核心室,HIVE/结构,HIVE结构
Andaman Base,安达曼基地,地点/基地,Muv-Luv Wiki地点
Arashiyama Supply Base,岚山补给基地,地点/基地,Muv-Luv Wiki地点
Dover Base,多佛基地,地点/基地,Muv-Luv Wiki地点
JFK Naval Garrison Base,JFK海军驻屯基地,地点/基地,Muv-Luv Wiki地点
Mont Saint-Michel Fortress,圣米歇尔山要塞,地点/基地,Muv-Luv Wiki地点
Petropavlovsk-Kamchatsky Base,彼得罗巴甫洛夫斯克-堪察加基地,地点/基地,Muv-Luv Wiki地点
Riga planet Waskaran,里加行星瓦斯卡兰,地点,外传地点
Ros Alamos,罗斯阿拉莫斯,地点,Muv-Luv Wiki地点拼写
Los Alamos,洛斯阿拉莫斯,地点,常见拼写
That Tree on the hill behind Hakuryou,白陵后山那棵树,地点,Extra/Alternative象征地点
Hakuryou,白陵,地点,罗马字变体
United Nations Force Bases,联合国军基地,地点/基地,分类页术语
ЇИ-series Frontline Bases,ЇИ系列前线基地,地点/基地,苏联前线基地
ЇИ-04 Frontline Supply Base,ЇИ-04前线补给基地,地点/基地,苏联前线基地
Seattle,西雅图,地点,TDA
Defence of Seattle,西雅图防卫战,冲突,TDA
Defense of Seattle,西雅图防卫战,冲突,美式拼写
Seattle Defense,西雅图防卫战,冲突,变体
12/5 Incident,12·5事件,冲突/事件,帝国政变
December 5th Incident,12·5事件,冲突/事件,英文变体
8th Border War,第8次边境战争,冲突/事件,Muv-Luv Wiki冲突
Athabasca Incident,阿萨巴斯卡事件,冲突/事件,Muv-Luv Wiki冲突
BETA Invasion of Japan,BETA入侵日本,冲突/事件,Muv-Luv Wiki冲突
Blue Flag,蓝旗演习,冲突/演习,Total Eclipse
Defence of Yokohama Base,横滨基地防卫战,冲突/事件,英式拼写
Defense of Yokohama Base,横滨基地防卫战,冲突/事件,美式拼写
Evensk Hive Operation,埃文斯克HIVE攻略作战,作战,Muv-Luv Wiki冲突
First Lunar War,第一次月面战争,冲突/事件,Muv-Luv Wiki冲突
Invasion of Niigata,新潟入侵,冲突/事件,Muv-Luv Wiki冲突
JFK Hive Operation,JFK HIVE攻略作战,作战,Muv-Luv Wiki冲突
Operation Hongqi,红旗作战,作战,Muv-Luv Wiki冲突
Operation Neptune,海王星作战,作战,Muv-Luv Wiki冲突
Operation Palaiologos,巴列奥略作战,作战,Muv-Luv Wiki冲突
Operation Sledgehammer,大锤作战,作战,Muv-Luv Wiki冲突
Operation Swaraj,斯瓦拉吉作战,作战,Muv-Luv Wiki冲突
Yokohama Base Incident,横滨基地事件,冲突/事件,Muv-Luv Wiki冲突
Yukon Base Incident,育空基地事件,冲突/事件,Muv-Luv Wiki冲突
ЇИ-04 Frontline Supply Base Incident,ЇИ-04前线补给基地事件,冲突/事件,Muv-Luv Wiki冲突
Phoenix Initiative,凤凰倡议,计划,Muv-Luv Wiki计划
Polnoye Zatmeniye Plan,Polnoye Zatmeniye计划,计划,Total Eclipse相关
Red Shift,红移,计划/现象,Muv-Luv Wiki计划
ATSF Program,ATSF计划,计划,美国新一代战术机计划
Advanced Tactical Surface Fighter,先进战术机,计划/技术,ATSF全称
Hi-MAERF Project,Hi-MAERF计划,计划,高机动先进战术机相关
Hi-MAERF,Hi-MAERF,计划,缩写保留
Volk Data,沃尔克数据,计划/资料,Operation Palaiologos相关
13th Tactical Dragoon Regiment,第13战术龙骑兵团,部队,Muv-Luv Wiki部队
16th Guard Battalion,第16近卫大队,部队,Muv-Luv Wiki部队
19th Independent Guard Flight,第19独立近卫小队,部队,Muv-Luv Wiki部队
1st Tactical Armor Regiment,第1战术装甲团,部队,Muv-Luv Wiki部队
207th Training Unit,207训练部队,部队,Muv-Luv Wiki部队
211 Batal'on Zhar,第211 Zhar大队,部队,Total Eclipse
331st Special Experimental Development Squadron,第331特殊实验开发中队,部队,Muv-Luv Wiki部队
3rd Guard Battalion,第3近卫大队,部队,Muv-Luv Wiki部队
414th Ghosts Platoon,第414幽灵小队,部队,Muv-Luv Wiki部队
43rd Guards Tactical Armored Division,第43近卫战术装甲师,部队,Muv-Luv Wiki部队
51st Tactical Armor Battalion Huckebein,第51战术装甲大队Huckebein,部队,Muv-Luv Wiki部队
65th Combat Training Battalion,第65战斗训练大队,部队,Muv-Luv Wiki部队
666th Schwarzesmarken TSF Squadron,第666 Schwarzesmarken战术机中队,部队,Schwarzesmarken
66th Tactical Armored Battalion,第66战术装甲大队,部队,Muv-Luv Wiki部队
Bao-Feng Test Flight,暴风试验小队,部队,Total Eclipse
Delta Force,三角洲部队,部队,美国特殊部队
Fuji Tactical Fighter Training Group,富士战术机训练团,部队,日本帝国
JA44 Zerberus Battalion,JA44刻耳柏洛斯大队,部队,Muv-Luv Wiki部队
Rain Dancers Squadron,雨舞者中队,部队,Muv-Luv Wiki部队
Special Task Force A-01,特殊任务部队A-01,部队,A-01正式名称
STF A-01,特殊任务部队A-01,部队,A-01缩写
VF-103 Jolly Rogers,VF-103快乐罗杰斯,部队,美国部队
VMF-318 Black Knives,VMF-318黑刀,部队,美国部队
Wardog Squadron,战犬中队,部队,Muv-Luv Wiki部队
Werewolf Battalion,狼人营,部队,Muv-Luv Wiki部队
TSF Unit Organization,战术机部队编制,部队/术语,分类页术语
Tactical Armor,战术装甲,部队/术语,部队名称常用
Tactical Armored,战术装甲,部队/术语,部队名称常用
Tactical Dragoon,战术龙骑兵,部队/术语,部队名称常用
Flight,小队,部队/术语,战术机小队语境
Squadron,中队,部队/术语,战术机部队语境
Battalion,大队,部队/术语,部队语境
Regiment,团,部队/术语,部队语境
Division,师,部队/术语,部队语境
Platoon,小队,部队/术语,部队语境
A-6 Intruder,A-6 入侵者,战术攻击机,美国TSA
A-6 イントルーダー,A-6 入侵者,战术攻击机,日文变体
Intruder,入侵者,战术攻击机,机体名
A-12 Avenger,A-12 复仇者,战术攻击机,美国TSA
A-12 アヴェンジャー,A-12 复仇者,战术攻击机,日文变体
Avenger,复仇者,战术攻击机,机体名
F-11 Tiger,F-11 虎,战术机,美国TSF
F-11 タイガー,F-11 虎,战术机,日文变体
F-18 Hornet,F-18 大黄蜂,战术机,F/A-18变体写法
F-18 ホーネット,F-18 大黄蜂,战术机,日文变体
F-47 Ishkur,F-47 伊什库尔,战术机,国际/美国TSF
F-47 イシュクル,F-47 伊什库尔,战术机,日文变体
Ishkur,伊什库尔,战术机,机体名
X-29,X-29,战术机,实验机
X-32,X-32,战术机,实验机
XF-108 Rapier,XF-108 刺剑,战术机,美国TSF
XF-108 レイピア,XF-108 刺剑,战术机,日文变体
Rapier,刺剑,战术机,机体名
J-10,J-10,战术机,中国TSF
殲撃10型,歼击10型,战术机,中文机体名
殲撃十型,歼击十型,战术机,中文机体名
XF-2000a Typhon,XF-2000a 堤丰,战术机,国际TSF
Typhon,堤丰,战术机,机体名
Lavi,狮式,战术机,以色列TSF
ラビ,狮式,战术机,日文变体
J-35 Draken,J-35 龙,战术机,欧洲TSF
ドラケン,龙,战术机,日文变体
Draken,龙,战术机,机体名
JA-37 Viggen,JA-37 雷,战术机,欧洲TSF
ビゲン,雷,战术机,日文变体
Viggen,雷,战术机,机体名
JAS-39 Gripen,JAS-39 鹰狮,战术机,欧洲TSF
グリペン,鹰狮,战术机,日文变体
Mirage 2000,幻影2000,战术机,欧洲TSF
ミラージュ2000,幻影2000,战术机,日文变体
ミラージュ,幻影,战术机,日文变体
ラファール,阵风,战术机,日文变体
Type-00 Takemikazuchi,00式 武御雷,战术机,日本TSF
Type-04 Shiranui Second,04式 不知火二型,战术机,日本TSF
04式 不知火・弐型,04式 不知火二型,战术机,日本TSF
Type-14 Shouki,14式 翔骑,战术机,日本TSF
Type-14 Shoki,14式 翔骑,战术机,罗马字变体
14式,14式,战术机,日本TSF
翔騎,翔骑,战术机,日本TSF
Type-82/F-4J Kai Zuikaku,82式/F-4J改 瑞鹤,战术机,日本TSF
F-4J Kai Zuikaku,F-4J改 瑞鹤,战术机,日本TSF
F-4J改 瑞鶴,F-4J改 瑞鹤,战术机,日本TSF
Type-94 Shiranui,94式 不知火,战术机,日本TSF
94式 不知火,94式 不知火,战术机,日本TSF
Type-94-1C Shiranui Type-1C,94式-1C 不知火1C型,战术机,日本TSF
Shiranui Type-1C,不知火1C型,战术机,日本TSF
Type-97 Fubuki,97式 吹雪,战术机,日本TSF
97式 吹雪,97式 吹雪,战术机,日本TSF
BETA TSF,BETA战术机,战术机,BETA机体
Me101P Fenrir,Me101P 芬里尔,战术机,未知来源TSF
Fenrir,芬里尔,战术机,机体名
フェンリル,芬里尔,战术机,日文变体
MiG-25 Spirt-Voz,MiG-25 斯皮尔特-沃兹,战术机,苏联TSF
Spirt-Voz,斯皮尔特-沃兹,战术机,机体名
MiG-27 Alligator,MiG-27 短吻鳄,战术机,苏联TSF
MiG-27 Aligator,MiG-27 短吻鳄,战术机,旧拼写变体
Alligator,短吻鳄,战术机,机体名
MiG-29 Lastochka,MiG-29 拉斯托奇卡,战术机,苏联TSF
MiG-29OVT Fulcrum,MiG-29OVT 支点,战术机,变体
MiG-29OVT Falcrum,MiG-29OVT 支点,战术机,拼写变体
Lastochka,拉斯托奇卡,战术机,机体名
MiG-31 Plamya-Lisa,MiG-31 火狐,战术机,苏联TSF
Plamya-Lisa,火狐,战术机,机体名
Project 1.42/1.44,1.42/1.44计划机,战术机,苏联TSF
Su-11,Su-11,战术机,苏联TSF
Su-15,Su-15,战术机,苏联TSF
Su-27 Zhuravlik,Su-27 小鹤,战术机,苏联TSF
Zhuravlik,小鹤,战术机,机体名
ズラヴリク,小鹤,战术机,日文变体
チェルミナートル,终结者,战术机,日文变体
ビェールクト,金雕,战术机,日文变体
Tactical Surface Attacker,战术攻击机,战术机/兵种,TSA
TSA,战术攻击机,战术机/兵种,缩写
Carrier-Based Fighters,舰载战术机,战术机/分类,分类页术语
Close-Combat Fighters,近战战术机,战术机/分类,分类页术语
Heavy Fighters,重型战术机,战术机/分类,分类页术语
Hive-Infiltration Fighters,HIVE突入战术机,战术机/分类,分类页术语
Lightweight Fighters,轻型战术机,战术机/分类,分类页术语
Multirole Fighters,多用途战术机,战术机/分类,分类页术语
Prototype and Demonstrator TSFs,原型/验证战术机,战术机/分类,分类页术语
Stealth Enabled Fighters,隐身战术机,战术机/分类,分类页术语
Tactical Surface Attackers,战术攻击机,战术机/分类,分类页术语
TSF Armaments,战术机武装,装备,分类页术语
TSF Components,战术机组件,装备,分类页术语
1200mm Over the Horizon CANNON,1200mm超视距炮,装备,战术机武装
Over the Horizon CANNON,超视距炮,装备,战术机武装
Close Combat Dagger,近战短刀,装备,战术机武装
EML-99X Electromagnetic Induction Launcher,EML-99X 电磁感应发射器,装备,战术机武装
Electromagnetic Induction Launcher,电磁感应发射器,装备,战术机武装
Fixed Armament,固定武装,装备,战术机武装
Melee Halberd,近战戟,装备,战术机武装
Missile Container,导弹集装箱,装备,战术机武装
S-11 SD-SYSTEM,S-11自毁系统,装备,战术机武装
S-11 Device,S-11装置,装备,战术机武装
S-11デバイス,S-11装置,装备,日文变体
S-11,S-11,装备,保留代号
Supplemental Armor,追加装甲,装备,战术机武装
Mount Pylon,挂架,装备,战术机组件
Jump Unit Engine List,跳跃单元引擎列表,装备,分类页术语
Fortified Suit,强化装备服,装备/驾驶系统,卫士装备
Feedback Interface,反馈接口,装备/驾驶系统,驾驶系统
TSF Control Unit,战术机控制单元,装备/驾驶系统,驾驶系统
Pilot Systems,驾驶系统,装备/驾驶系统,分类页术语
Control Unit,控制单元,装备/驾驶系统,驾驶系统
Loadout Options,挂载选项,装备,战术机武装
8 Minutes of Death,死亡8分钟,战术机/战术,战术机战斗术语
Aircraft,航空器,硬件/技术,分类页术语
Bombers,轰炸机,硬件/技术,航空器分类
Drones,无人机,硬件/技术,航空器分类
Rotary-Wing Aircraft,旋翼机,硬件/技术,航空器分类
Transport Aircraft,运输机,硬件/技术,航空器分类
Artifical Biochemical Substance,人工生化物质,硬件/技术,Muv-Luv Wiki拼写
Artificial Biochemical Substance,人工生化物质,硬件/技术,正确拼写
Cybernetics,控制论,硬件/技术,技术术语
G-17b Hercules,G-17b 赫拉克勒斯,硬件/技术,大型运输/装备
Hercules,赫拉克勒斯,硬件/技术,装备名
Land Vehicles,陆上载具,硬件/技术,分类页术语
Armored Vehicles,装甲车辆,硬件/技术,分类页术语
Artillery,火炮,硬件/技术,分类页术语
Bipedal Units,二足步行单位,硬件/技术,分类页术语
Lunar Units,月面单位,硬件/技术,分类页术语
Main Battle Tanks,主战坦克,硬件/技术,分类页术语
Support Vehicles,支援车辆,硬件/技术,分类页术语
Military Codes,军事代号,硬件/技术,分类页术语
Moorcock-Lechte Drive,莫考克-莱希特驱动,硬件/技术,Muv-Luv世界观技术
Naval Ships,舰船,硬件/技术,分类页术语
Assault Ships,强袭舰,硬件/技术,舰船分类
Carriers,航母,硬件/技术,舰船分类
Submarines,潜艇,硬件/技术,舰船分类
Support Ships,支援舰,硬件/技术,舰船分类
Warships,军舰,硬件/技术,舰船分类
Re-entry Shell,再入壳,硬件/技术,大气层再入装备
Small Arms,轻武器,硬件/技术,分类页术语
Spacecraft,航天器,硬件/技术,分类页术语
Orbital Installations,轨道设施,硬件/技术,分类页术语
HSST,HSST,硬件/技术,保留缩写
HSSTs,HSST,硬件/技术,复数
super-carbon,超碳素,材料,BETA/TSF装甲语境
Super Carbon,超碳素,材料,变体
Mohs scale,莫氏硬度,材料,BETA装甲硬度
G-Technology,G技术,G元素,分类页术语
G Technology,G技术,G元素,变体
G-Bombs,G弹,G元素,复数
G Elements,G元素,G元素,无连字符变体
Espers,超能力者,Esper技术,分类页术语
Esper,超能力者,Esper技术,分类页术语
Esper Technology,超能力者技术,Esper技术,分类页术语
Esper Control Pod,超能力者控制舱,Esper技术,设备
Nastroyka Effect,纳斯特罗伊卡效应,Esper技术,苏联Esper术语
Prafka,普拉芙卡,Esper技术,苏联Esper术语
Нэмезида,涅墨西斯,Esper技术,苏联相关术语
Polnoye Zatmeniye,Polnoye Zatmeniye,计划,俄语罗马字保留
TSF Manufacturers,战术机制造商,组织/厂商,分类页术语
Aero Jet,Aero Jet,组织/厂商,厂商名保留
Boening,波宁,组织/厂商,恶搞厂商名
Dass-Ault,达索,组织/厂商,恶搞厂商名
Euro Fightas,欧洲战斗机公司,组织/厂商,恶搞厂商名
Firechild,火童,组织/厂商,恶搞厂商名
Fugaku Heavy Industries,富岳重工,组织/厂商,厂商名
General Dynomics,通用动力,组织/厂商,恶搞厂商名
General Electronics,通用电气,组织/厂商,恶搞厂商名
Grunnan,格鲁曼,组织/厂商,恶搞厂商名
IEI,IEI,组织/厂商,保留缩写
Kawazaki,川崎,组织/厂商,恶搞厂商名
Lockweed,洛克威德,组织/厂商,恶搞厂商名
Lockweed Mardin,洛克威德·马丁,组织/厂商,恶搞厂商名
Markin-Berger,马金-伯格,组织/厂商,厂商名
McDaell Doglam,麦克戴尔·道格拉姆,组织/厂商,恶搞厂商名
Mikoyam Guluvich,米高扬·格鲁维奇,组织/厂商,恶搞厂商名
Mitsuhishi Heavy Industries,三菱重工,组织/厂商,恶搞厂商名
North Americana,北美航空,组织/厂商,恶搞厂商名
Northrock,诺斯洛克,组织/厂商,恶搞厂商名
Northrock Grunnan,诺斯洛克·格鲁曼,组织/厂商,恶搞厂商名
Onda,本田,组织/厂商,恶搞厂商名
Pratts & Witney,普拉特&惠特尼,组织/厂商,恶搞厂商名
SAAG,SAAG,组织/厂商,保留厂商名
Sufoni,苏霍尼,组织/厂商,恶搞厂商名
United States Army,美国陆军,组织/军队,世界观组织
US Army,美国陆军,组织/军队,缩写
US Marine Corps,美国海军陆战队,组织/军队,世界观组织
US Navy,美国海军,组织/军队,世界观组织
Japanese Imperial Army,日本帝国陆军,组织/军队,世界观组织
Mainland Defence Force,本土防卫军,组织/军队,英式拼写
Mainland Defense Force,本土防卫军,组织/军队,美式拼写
Royal Guard,斯卫军,组织/军队,帝国斯卫
Imperial Guard,斯卫军,组织/军队,帝国斯卫
UN Army,联合国陆军,组织/军队,世界观组织
UN Navy,联合国海军,组织/军队,世界观组织
UN Space Force,联合国宇宙军,组织/军队,世界观组织
TDA00,TDA00,TDA,Episode 00
TDA01,TDA01,TDA,Episode 01
TDA02,TDA02,TDA,Episode 02
TDA03,TDA03,TDA,Episode 03
episode:00,episode:00,TDA,标题格式
episode:01,episode:01,TDA,标题格式
episode:02,episode:02,TDA,标题格式
episode:03,episode:03,TDA,标题格式
Episode 00,Episode 00,TDA,标题格式
Episode 01,Episode 01,TDA,标题格式
Episode 02,Episode 02,TDA,标题格式
Episode 03,Episode 03,TDA,标题格式
The Day,The Day,TDA,TDA世界观事件名
Operation Babylon,巴比伦作战,TDA,TDA关键事件
バビロン作戦,巴比伦作战,作战名,用户确认：不用巴比伦行动; TDA00 baseline: kanji_place_or_military_org
大規模重力偏差,大规模重力偏差,TDA,TDA世界观
重力偏差,重力偏差,TDA,TDA世界观
salt plains,盐原,TDA,TDA地理
塩の荒野,盐之荒野,TDA,TDA地理
South Pacific,南太平洋,TDA,TDA地理
シアトル,西雅图,TDA,TDA地点; TDA00 baseline: katakana_military_or_foreign
タコマ,塔科马,TDA,TDA地点
Tacoma,塔科马,TDA,TDA地点
Seattle Imperial Lease Territory,西雅图帝国租借地,TDA,TDA地点
シアトル帝国租借地,西雅图帝国租借地,TDA,TDA地点
食料生産プラント,食料生产工厂,TDA,TDA地点/事件
food production plant,食料生产工厂,TDA,TDA地点/事件
JFK,JFK,舰名/作战相关,TDA专有名词固定；英文对应：JFK
John F. Kennedy,约翰·F·肯尼迪,TDA,舰船
ジョン・F・ケネディ,约翰·F·肯尼迪,TDA,舰船; TDA00 baseline: katakana_ship_or_codename
TSF carrier,战术机母舰,TDA,舰船
戦術機母艦,战术机母舰,TDA,舰船
Orbital Diver,轨道降下兵,TDA/Photon,兵种
Orbital Divers,轨道降下兵团,TDA/Photon,部队/故事
軌道降下兵団,轨道降下兵团,TDA/Photon,部队
Wilbert D. Collins,威尔伯特·D·柯林斯,TDA角色,Episode 00
Wilbert Collins,威尔伯特·柯林斯,TDA角色,Episode 00
ウィルバート・D・コリンズ,威尔伯特·D·柯林斯,TDA角色,Episode 00
Daryl A. McManus,达里尔·A·麦克马纳斯,TDA角色,Episode 00
Daryl McManus,达里尔·麦克马纳斯,TDA角色,Episode 00
ダリル・A・マクマナス,达里尔·A·麦克马纳斯,TDA角色,Episode 00
Melvina Vidya Advani,梅尔维娜·维迪娅·阿德瓦尼,TDA角色,Episode 00
Melvina Advani,梅尔维娜·阿德瓦尼,TDA角色,Episode 00
メルヴィナ・ヴィディヤ・アドヴァニ,梅尔维娜·维迪娅·阿德瓦尼,TDA角色,Episode 00
George Alston,乔治·奥尔斯顿,TDA角色,Episode 00
ジョージ・オールストン,乔治·奥尔斯顿,TDA角色,Episode 00; TDA00 baseline: katakana_person
Commodore Alston,奥尔斯顿准将,TDA角色,Episode 00
Lilia Kjellberg,莉莉娅·谢尔贝里,TDA角色,Episode 00
Lilia,莉莉娅,TDA角色,Episode 00
龍浪 響,龙浪响,TDA角色,Episode 01-03
Tatsunami Hibiki,龙浪响,TDA角色,Episode 01-03
Hibiki Tatsunami,龙浪响,TDA角色,Episode 01-03
Hibiki,响,TDA角色,Episode 01-03
千堂 柚香,千堂柚香,TDA角色,Episode 01-03
千堂柚香,千堂柚香,TDA角色,Episode 01-03
Sendou Yuzuka,千堂柚香,TDA角色,罗马字变体
Sendo Yuzuka,千堂柚香,TDA角色,官方英文变体
Yuzuka Sendou,千堂柚香,TDA角色,罗马字变体
Yuzuka Sendo,千堂柚香,TDA角色,官方英文变体
Yuzuka,柚香,TDA角色,短称
エレン・エイス,艾伦·艾斯,TDA角色,Episode 01-03
Ellen Aice,艾伦·艾斯,TDA角色,Episode 01-03
Ellen,艾伦,TDA角色,短称
Josette Danbellecoux,乔赛特·丹贝勒库,TDA/Last Divers角色,Ellen Aice关联
ジョゼット・ダンベルクー,乔赛特·丹贝勒库,TDA/Last Divers角色,Ellen Aice关联
美桜乃 雫,美樱乃雫,TDA角色,Episode 01-03
美桜乃雫,美樱乃雫,TDA角色,Episode 01-03
Miono Shizuku,美樱乃雫,TDA角色,罗马字变体
Shizuku Miono,美樱乃雫,TDA角色,官方英文
Shizuku,雫,TDA角色,短称
松風 諒一,松风谅一,TDA角色,Episode 01-03
松風諒一,松风谅一,TDA角色,Episode 01-03
Matsukaze Ryouichi,松风谅一,TDA角色,罗马字变体
Ryoichi Matsukaze,松风谅一,TDA角色,官方英文
Matsukaze Ryoichi,松风谅一,TDA角色,罗马字变体
楠本 さやか,楠本沙也加,TDA角色,Episode 01-03
楠本さやか,楠本沙也加,TDA角色,Episode 01-03
Kusumoto Sayaka,楠本沙也加,TDA角色,罗马字变体
Sayaka Kusumoto,楠本沙也加,TDA角色,官方英文
大上 律子,大上律子,TDA角色,Episode 02
大上律子,大上律子,TDA角色,Episode 02
Ogami Ritsuko,大上律子,TDA角色,罗马字变体
Ritsuko Ogami,大上律子,TDA角色,官方英文
駒木咲代子,驹木咲代子,TDA角色,Episode 02
Komaki Sayoko,驹木咲代子,TDA角色,Episode 02
Asagi,浅葱,TDA角色,Episode 02
Ichiro,一郎,TDA角色,Episode 02
Rea Geguran,蕾娅·盖克兰,TDA角色,Episode 03
リア・ゲグラン,蕾娅·盖克兰,TDA角色,Episode 03
Bernadette Le Tigre De La Rivière,贝尔纳黛特·勒蒂格雷·德·拉·里维埃尔,TDA/Euro Front角色,Episode 03
Bernadette Le Tigre De La Riviere,贝尔纳黛特·勒蒂格雷·德·拉·里维埃尔,TDA/Euro Front角色,无重音变体
Bernadette,贝尔纳黛特,TDA/Euro Front角色,短称
ベルナデット・ル・ティグレ・ド・ラ・リヴィエール,贝尔纳黛特·勒蒂格雷·德·拉·里维埃尔,TDA/Euro Front角色,日文变体
Derek Ironside,德里克·艾恩赛德,TDA角色,Episode 03
デレク・アイアンサイド,德里克·艾恩赛德,TDA角色,Episode 03
Wardogs,战犬小队,TDA部队,复数/别称
Wardog,战犬,TDA部队,别称
ウォードッグ,战犬,呼号,TDA专有名词固定；英文对应：Wardog / Wardogs
第17小隊,第17小队,TDA部队,Wardog
17th Flight,第17小队,TDA部队,Wardog
Crane,鹤,TDA部队,第2中队别称
クレイン,鹤,呼号,TDA专有名词固定；英文对应：Crane
Hunters,猎人,TDA部队,第66战术装甲大队别称
ハンター,猎人,呼号,TDA专有名词固定；英文对应：Hunter
Black Knives,黑刀,TDA部队,VMF-318
ブラック・ナイヴス,黑刃,TDA部队,VMF-318; TDA00 baseline: ruby_reading_katakana
第1戦術機甲連隊,第1战术机甲联队,TDA部队,IJMDF
第1大隊,第1大队,TDA部队,IJMDF
1st Battalion,第1大队,TDA部队,IJMDF
第2大隊,第2大队,TDA部队,IJMDF
2nd Battalion,第2大队,TDA部队,IJMDF
第1後方支援連隊,第1后方支援联队,TDA部队,支援部队
1st Rear Support Battalion,第1后方支援大队,TDA部队,支援部队
IJMDF,帝国海军陆战队,TDA组织,官方英文缩写
Muv-Luv photonflowers*,Muv-Luv photonflowers*,Photon标题,Steam标题
Muv-Luv photonflowers,Muv-Luv photonflowers*,Photon标题,无星号变体
photonflowers*,photonflowers*,Photon标题,Steam标题
photonflowers,photonflowers*,Photon标题,无星号变体
Muv-Luv photonmelodies♮,Muv-Luv photonmelodies♮,Photon标题,Steam标题
Muv-Luv photonmelodies,Muv-Luv photonmelodies♮,Photon标题,无符号变体
photonmelodies♮,photonmelodies♮,Photon标题,Steam标题
photonmelodies,photonmelodies♮,Photon标题,无符号变体
Before the Cherry Blossoms Bloom,樱花盛开之前,Photon故事,Photonflowers
Before the Sakura Trees Bloom,樱花树盛开之前,Photon故事,Wiki标题变体
Before the Cherry Blossoms Bloom ~Muv-Luv After Episode~,樱花盛开之前 ~Muv-Luv After Episode~,Photon故事,Steam标题
Muv-Luv After Episode,Muv-Luv After Episode,Photon故事,Extra后日谈
Muv-Luv Heroine Short Story Collection,Muv-Luv女主角短篇集,Photon故事,Photonflowers
Atonement,赎罪,Photon故事,Photonflowers/Chronicles
贖罪,赎罪,Photon故事,日文标题
Rain Dancers,雨舞者,Photon故事,Photonflowers/Chronicles
レイン・ダンサーズ,雨舞者,Photon故事,日文标题
Confessions,告白,Photon故事,Photonflowers/Chronicles
Confession,告白,Photon故事,标题变体
告白,告白,Photon故事,日文标题
Chicken Divers,小鸡潜降兵,Photon故事,Photonflowers/Chronicles
チキン・ダイバーズ,小鸡潜降兵,Photon故事,日文标题
Inheritance,继承,Photon故事,Photonflowers/Chronicles
Succession,继承,Photon故事,译名变体
継承,继承,Photon故事,日文标题
Adoration,憧憬,Photon故事,Photonmelodies/Chronicles
Resurrection,复活,Photon故事,Photonmelodies/Chronicles
Before the Shimmering Time Ends,闪耀时光结束之前,Photon故事,Photonmelodies
A Shimmering Shard of Spacetime,闪耀的时空碎片,Photon故事,Steam英文标题
Altered Fable,Altered Fable,Photon故事,Fan disc标题
Final Extra,Final Extra,Photon故事,Altered Fable别称
Faraway Dawn,遥远的黎明,Photon故事,Altered Fable收录故事
Muv-Luv Alternative Faraway Dawn,Muv-Luv Alternative 遥远的黎明,Photon故事,完整标题
遠すぎた夜明け,遥远的黎明,Photon故事,日文标题
Ayu-Mayu Alternative,Ayu-Mayu Alternative,Photon相关,Fan disc/Chronicles
Ayu-Mayu Gekijou,Ayu-Mayu剧场,Photon相关,关联作品
Henri Gietzen,亨利·吉岑,Photon角色,Chicken Divers
アンリ・ギーツェン,亨利·吉岑,Photon角色,Chicken Divers
Rina Tervo,莉娜·泰尔沃,Photon/TDA角色,Chicken Divers/Last Divers
リナ・テルヴォ,莉娜·泰尔沃,Photon/TDA角色,Chicken Divers/Last Divers
Axel Björker,阿克塞尔·比约克,Photon角色,Chicken Divers
Axel Bjorker,阿克塞尔·比约克,Photon角色,无重音变体
アクセル・ビョルケル,阿克塞尔·比约克,Photon角色,Chicken Divers
Monica Giacosa,莫妮卡·贾科萨,Photon角色,Rain Dancers
モニカ・ジアコーザ,莫妮卡·贾科萨,Photon角色,Rain Dancers
Hugh Winston,休·温斯顿,Photon角色,Rain Dancers
ヒュー・ウィンストン,休·温斯顿,Photon角色,Rain Dancers
Raphael Begnini,拉斐尔·贝尼尼,Photon角色,Rain Dancers
ラファエル・ベニーニ,拉斐尔·贝尼尼,Photon角色,Rain Dancers
Makabe Seijyurou,真壁清十郎,Photon角色,Adoration
Makabe Seijuro,真壁清十郎,Photon角色,Adoration
真壁清十郎,真壁清十郎,Photon角色,Adoration
Ilfriede von Feulner,伊尔弗里德·冯·福伊尔纳,Photon角色,Adoration
イルフリーデ・フォン・フォイルナー,伊尔弗里德·冯·福伊尔纳,Photon角色,Adoration
Helgarose von Falkenmayer,赫尔加罗泽·冯·法尔肯迈尔,Photon角色,Adoration
ヘルガローゼ・フォン・ファルケンマイヤー,赫尔加罗泽·冯·法尔肯迈尔,Photon角色,Adoration
Lunateresia von Witzleben,露娜特蕾西亚·冯·维茨莱本,Photon角色,Adoration
ルナテレジア・フォン・ヴィッツレーベン,露娜特蕾西亚·冯·维茨莱本,Photon角色,Adoration
Wilfried von Aichberger,威尔弗里德·冯·艾希贝格,Photon角色,Adoration
ヴィルフリート・フォン・アイヒベルガー,威尔弗里德·冯·艾希贝格,Photon角色,Adoration
Sigelinde von Fahrenhorst,西格琳德·冯·法伦霍斯特,Photon角色,Adoration
ジークリンデ・フォン・ファーレンホルスト,西格琳德·冯·法伦霍斯特,Photon角色,Adoration
Gerhard von Ralerstein,格哈德·冯·拉勒施泰因,Photon角色,Adoration
ゲルハルト・フォン・ラーラーシュタイン,格哈德·冯·拉勒施泰因,Photon角色,Adoration
Brigitte von Wästernach,布丽吉特·冯·韦斯特纳赫,Photon角色,Adoration
Brigitte von Wasternach,布丽吉特·冯·韦斯特纳赫,Photon角色,无重音变体
ブリギッテ・フォン・ヴェスターナッハ,布丽吉特·冯·韦斯特纳赫,Photon角色,Adoration
Wolfgang von Brauer,沃尔夫冈·冯·布劳尔,Photon角色,Adoration
ヴォルフガング・フォン・ブラウアー,沃尔夫冈·冯·布劳尔,Photon角色,Adoration
Silvio Orlandi,西尔维奥·奥兰迪,Photon角色,Resurrection
シルヴィオ・オルランディ,西尔维奥·奥兰迪,Photon角色,Resurrection
Kouzuki Motoko,香月元子,Photon角色,Resurrection
Kozuki Motoko,香月元子,Photon角色,罗马字变体
香月元子,香月元子,Photon角色,Resurrection
Isumi Akira,伊隅明,Photon角色,Inheritance
伊隅あきら,伊隅明,Photon角色,Inheritance
伊隅明,伊隅明,Photon角色,Inheritance
Isumi Marika,伊隅麻里香,Photon角色,Inheritance
伊隅まりか,伊隅麻里香,Photon角色,Inheritance
伊隅麻里香,伊隅麻里香,Photon角色,Inheritance
Isumi Yayoi,伊隅弥生,Photon角色,Inheritance
伊隅やよい,伊隅弥生,Photon角色,Inheritance
伊隅弥生,伊隅弥生,Photon角色,Inheritance
Nanase Rin,七濑凛,Photon/Supplement角色,Supplement
七瀬凛,七濑凛,Photon/Supplement角色,Supplement
Nanase,七濑,Photon角色,Faraway Dawn
七瀬,七濑,Photon角色,Faraway Dawn
Kamiya,神谷,Photon角色,Faraway Dawn
神谷,神谷,Photon角色,Faraway Dawn
Kabira,加比拉,Photon角色,Faraway Dawn
Mitarai,御手洗,Photon角色,Faraway Dawn
Hidaka,日高,Photon角色,Faraway Dawn
Oosaki,大崎,Photon角色,Faraway Dawn
Kanda,神田,Photon角色,Faraway Dawn
Usui,臼井,Photon角色,Faraway Dawn
Lt. Tatsunami Hibiki,龙浪响中尉,TDA军衔,官方英文：Lt.；日文：龍浪 響 中尉
Lieutenant Tatsunami Hibiki,龙浪响中尉,TDA军衔,英文全称变体
"Tatsunami Hibiki, Lt.",龙浪响中尉,TDA军衔,英文后置变体
龍浪 響 中尉,龙浪响中尉,TDA军衔,日文原文
龍浪響 中尉,龙浪响中尉,TDA军衔,日文原文
龍浪中尉,龙浪中尉,TDA军衔,称呼
Lt. Hibiki,响中尉,TDA军衔,短称
"Hibiki, Lt.",响中尉,TDA军衔,短称
2nd Lt. Sendo Yuzuka,千堂柚香少尉,TDA军衔,官方英文：2nd Lt.；日文：千堂 柚香 少尉
2nd Lt. Sendou Yuzuka,千堂柚香少尉,TDA军衔,罗马字变体
Second Lieutenant Sendo Yuzuka,千堂柚香少尉,TDA军衔,英文全称变体
Second Lieutenant Sendou Yuzuka,千堂柚香少尉,TDA军衔,英文全称变体
千堂 柚香 少尉,千堂柚香少尉,TDA军衔,日文原文
千堂柚香 少尉,千堂柚香少尉,TDA军衔,日文原文
千堂少尉,千堂少尉,TDA军衔,称呼
2nd Lt. Yuzuka,柚香少尉,TDA军衔,短称
2nd Lt. Ellen Aice,艾伦·艾斯少尉,TDA军衔,官方英文：2nd Lt.；日文：エレン・エイス 少尉
Second Lieutenant Ellen Aice,艾伦·艾斯少尉,TDA军衔,英文全称变体
エレン・エイス 少尉,艾伦·艾斯少尉,TDA军衔,日文原文
エレン少尉,艾伦少尉,TDA军衔,称呼
2nd Lt. Ellen,艾伦少尉,TDA军衔,短称
2nd Lt. Shizuku Miono,美樱乃雫少尉,TDA军衔,官方英文：2nd Lt.；日文：美桜乃 雫 少尉
2nd Lt. Miono Shizuku,美樱乃雫少尉,TDA军衔,姓名顺序变体
Second Lieutenant Shizuku Miono,美樱乃雫少尉,TDA军衔,英文全称变体
美桜乃 雫 少尉,美樱乃雫少尉,TDA军衔,日文原文
美桜乃雫 少尉,美樱乃雫少尉,TDA军衔,日文原文
美桜乃少尉,美樱乃少尉,TDA军衔,称呼
2nd Lt. Shizuku,雫少尉,TDA军衔,短称
Major Jinguuji Marimo,神宫司麻理茂少佐,TDA军衔,官方英文：Major；日文：神宮司 まりも 少佐
Major Jinguji Marimo,神宫司麻理茂少佐,TDA军衔,罗马字变体
Maj. Jinguuji Marimo,神宫司麻理茂少佐,TDA军衔,缩写变体
Maj. Jinguji Marimo,神宫司麻理茂少佐,TDA军衔,缩写变体
神宮司 まりも 少佐,神宫司麻理茂少佐,TDA军衔,日文原文
神宮司まりも 少佐,神宫司麻理茂少佐,TDA军衔,日文原文
神宮司少佐,神宫司少佐,人物/军衔,按日文原文军衔固定; TDA00 baseline: speaker_table_name
Sergeant Jinguuji,神宫司军曹,Photon军衔,Atonement/训练校时期
Sergeant Jinguji,神宫司军曹,Photon军衔,罗马字变体
Lt. Matsukaze Ryoichi,松风谅一中尉,TDA军衔,官方英文：Lt.；日文：松風 諒一 中尉
Lt. Matsukaze Ryouichi,松风谅一中尉,TDA军衔,罗马字变体
Lieutenant Matsukaze Ryoichi,松风谅一中尉,TDA军衔,英文全称变体
松風 諒一 中尉,松风谅一中尉,TDA军衔,日文原文
松風諒一 中尉,松风谅一中尉,TDA军衔,日文原文
Sergeant Kusumoto Sayaka,楠本沙也加军曹,TDA军衔,官方英文：Sergeant；日文：楠本 さやか 軍曹
Sgt. Kusumoto Sayaka,楠本沙也加军曹,TDA军衔,缩写变体
楠本 さやか 軍曹,楠本沙也加军曹,TDA军衔,日文原文
楠本さやか 軍曹,楠本沙也加军曹,TDA军衔,日文原文
Major Alfred Walken,阿尔弗雷德·沃肯少佐,TDA军衔,官方英文：Major；日文：ウォーケン 少佐
Maj. Alfred Walken,阿尔弗雷德·沃肯少佐,TDA军衔,缩写变体
アルフレッド・ウォーケン 少佐,阿尔弗雷德·沃肯少佐,TDA军衔,日文原文
ウォーケン 少佐,沃肯少佐,TDA军衔,日文原文
ウォーケン少佐,沃肯少佐,人物,用户确认：TDA01-03 固定译名
Lt. Lilia Kjellberg,莉莉娅·谢尔贝里中尉,TDA军衔,官方英文：Lt.；日文：リリア・シェルベリ 中尉
Lieutenant Lilia Kjellberg,莉莉娅·谢尔贝里中尉,TDA军衔,英文全称变体
リリア・シェルベリ 中尉,莉莉娅·谢尔贝里中尉,TDA军衔,日文原文
リリア中尉,莉莉娅中尉,TDA军衔,称呼
Lt. Ogami Ritsuko,大上律子中尉,TDA军衔,官方英文：Lt.；日文：大上 律子 中尉
Lt. Ritsuko Ogami,大上律子中尉,TDA军衔,姓名顺序变体
Lieutenant Ritsuko Ogami,大上律子中尉,TDA军衔,英文全称变体
大上 律子 中尉,大上律子中尉,TDA军衔,日文原文
大上律子 中尉,大上律子中尉,TDA军衔,日文原文
2nd Lt. Wilbert D. Collins,威尔伯特·D·柯林斯少尉,TDA军衔,Episode 00：米国海兵隊少尉
Second Lieutenant Wilbert D. Collins,威尔伯特·D·柯林斯少尉,TDA军衔,英文全称变体
米国海兵隊少尉ウィルバート・D・コリンズ,美国海军陆战队少尉威尔伯特·D·柯林斯,TDA军衔,日文叙述
Commodore George Alston,乔治·奥尔斯顿准将,TDA军衔,海军准将/舰队司令语境
Captain Isumi,伊隅大尉,Photon军衔,Confessions/Inheritance等语境
Capt. Isumi,伊隅大尉,Photon军衔,缩写变体
Captain Michiru Isumi,伊隅美知留大尉,Photon军衔,完整姓名
Capt. Michiru Isumi,伊隅美知留大尉,Photon军衔,完整姓名缩写
Surface Pilot,卫士,Muv-Luv术语,Eishi / Surface Pilot / pilot 在战术机语境统一译为卫士
surface pilot,卫士,Muv-Luv术语,Eishi / Surface Pilot / pilot 在战术机语境统一译为卫士
Surface Pilots,卫士们,Muv-Luv术语,Eishi / Surface Pilot / pilot 在战术机语境统一译为卫士
surface pilots,卫士们,Muv-Luv术语,Eishi / Surface Pilot / pilot 在战术机语境统一译为卫士
Eishi,卫士,Muv-Luv术语,Eishi / Surface Pilot / pilot 在战术机语境统一译为卫士
eishi,卫士,Muv-Luv术语,Eishi / Surface Pilot / pilot 在战术机语境统一译为卫士
Pilot,卫士,Muv-Luv术语,Eishi / Surface Pilot / pilot 在战术机语境统一译为卫士
pilot,卫士,Muv-Luv术语,Eishi / Surface Pilot / pilot 在战术机语境统一译为卫士
Pilots,卫士们,Muv-Luv术语,Eishi / Surface Pilot / pilot 在战术机语境统一译为卫士
pilots,卫士们,Muv-Luv术语,Eishi / Surface Pilot / pilot 在战术机语境统一译为卫士
Pilot Badge,卫士徽章,Muv-Luv术语,Eishi / Surface Pilot / pilot 在战术机语境统一译为卫士
pilot badge,卫士徽章,Muv-Luv术语,Eishi / Surface Pilot / pilot 在战术机语境统一译为卫士
Pilot Insignia,卫士徽章,Muv-Luv术语,Eishi / Surface Pilot / pilot 在战术机语境统一译为卫士
pilot insignia,卫士徽章,Muv-Luv术语,Eishi / Surface Pilot / pilot 在战术机语境统一译为卫士
US Pilot,美国卫士,Muv-Luv术语,美国军/US pilot 在战术机语境统一译为美国卫士
US pilot,美国卫士,Muv-Luv术语,美国军/US pilot 在战术机语境统一译为美国卫士
US Pilots,美国卫士们,Muv-Luv术语,美国军/US pilot 在战术机语境统一译为美国卫士
US pilots,美国卫士们,Muv-Luv术语,美国军/US pilot 在战术机语境统一译为美国卫士
U.S. Pilot,美国卫士,Muv-Luv术语,美国军/US pilot 在战术机语境统一译为美国卫士
U.S. pilot,美国卫士,Muv-Luv术语,美国军/US pilot 在战术机语境统一译为美国卫士
U.S. Pilots,美国卫士们,Muv-Luv术语,美国军/US pilot 在战术机语境统一译为美国卫士
U.S. pilots,美国卫士们,Muv-Luv术语,美国军/US pilot 在战术机语境统一译为美国卫士
American Pilot,美国卫士,Muv-Luv术语,美国军/American pilot 在战术机语境统一译为美国卫士
American pilot,美国卫士,Muv-Luv术语,美国军/American pilot 在战术机语境统一译为美国卫士
American Pilots,美国卫士们,Muv-Luv术语,美国军/American pilot 在战术机语境统一译为美国卫士
American pilots,美国卫士们,Muv-Luv术语,美国军/American pilot 在战术机语境统一译为美国卫士
ウォーケン,沃肯,人物,用户确认：TDA01-03 固定译名
アルフレッド・ウォーケン,阿尔弗雷德·沃肯,人物,用户确认：TDA01-03 固定译名
神宮司,神宫司,人物,姓氏；全名按神宫司麻理茉
米軍衛士,美军卫士,世界观术语,米军语境下的卫士; TDA00 baseline: kanji_place_or_military_org
Babylon Operation,巴比伦作战,作战名,英文写法也归一
フォートルイス,刘易斯堡,TDA固定术语,逐行校对追加
フォートルイス基地,刘易斯堡基地,TDA固定术语,逐行校对追加
フォートルイス米軍基地,刘易斯堡美军基地,TDA固定术语,逐行校对追加
イカルガ閣下,斑鸠阁下,TDA固定术语,逐行校对追加
レア・ゲグラン,蕾娅·盖克兰,TDA角色,Episode 03
ボクサー,拳师号,舰名,TDA专有名词固定；英文对应：Boxer
Boxer Operator,博克瑟号操作员,TDA说话人,强袭登陆舰 USS Boxer 的通信/操作员
ＡＨパイロット,AH卫士,TDA说话人（日文源）,从 TDA02/TDA03 __speakers__.egpack 的 jp 槽抽取，禁止用英文 speaker 作为原文
Ｂ小隊,B小队,TDA说话人（日文源）,从 TDA02/TDA03 __speakers__.egpack 的 jp 槽抽取，禁止用英文 speaker 作为原文
ＮＯＲＡＤ職員,NORAD工作人员,TDA说话人（日文源）,从 TDA02/TDA03 __speakers__.egpack 的 jp 槽抽取，禁止用英文 speaker 作为原文
アイアンサイド大尉,艾恩赛德上尉,TDA说话人（日文源）,从 TDA02/TDA03 __speakers__.egpack 的 jp 槽抽取，禁止用英文 speaker 作为原文
アナウンサー,播音员,TDA说话人（日文源）,从 TDA02/TDA03 __speakers__.egpack 的 jp 槽抽取，禁止用英文 speaker 作为原文
アマンダ,阿曼达,TDA说话人（日文源）,从 TDA02/TDA03 __speakers__.egpack 的 jp 槽抽取，禁止用英文 speaker 作为原文
アンナ,安娜,TDA说话人（日文源）,从 TDA02/TDA03 __speakers__.egpack 的 jp 槽抽取，禁止用英文 speaker 作为原文
ウィル,威尔,TDA说话人（日文源）,从 TDA02/TDA03 __speakers__.egpack 的 jp 槽抽取，禁止用英文 speaker 作为原文; TDA00 baseline: speaker_table_name
ウォードッグス,战犬,TDA说话人（日文源）,从 TDA02/TDA03 __speakers__.egpack 的 jp 槽抽取，禁止用英文 speaker 作为原文
ウォードッグ小隊,战犬小队,部队名,TDA专有名词固定；英文对应：Wardog Platoon / Wardog Flight
エレン,艾伦,TDA说话人（日文源）,从 TDA02/TDA03 __speakers__.egpack 的 jp 槽抽取，禁止用英文 speaker 作为原文
エレン・雫,艾伦・雫,TDA说话人（日文源）,从 TDA02/TDA03 __speakers__.egpack 的 jp 槽抽取，禁止用英文 speaker 作为原文
エレン・雫・松風,艾伦・雫・松风,TDA说话人（日文源）,从 TDA02/TDA03 __speakers__.egpack 的 jp 槽抽取，禁止用英文 speaker 作为原文
エレン・柚香,艾伦・柚香,TDA说话人（日文源）,从 TDA02/TDA03 __speakers__.egpack 的 jp 槽抽取，禁止用英文 speaker 作为原文
オペレーター,操作员,TDA说话人（日文源）,从 TDA02/TDA03 __speakers__.egpack 的 jp 槽抽取，禁止用英文 speaker 作为原文; TDA00 baseline: speaker_table_name
カナダ軍衛士,加拿大军卫士,TDA说话人（日文源）,从 TDA02/TDA03 __speakers__.egpack 的 jp 槽抽取，禁止用英文 speaker 作为原文
カナダ軍衛士たち,加拿大军卫士们,TDA说话人（日文源）,从 TDA02/TDA03 __speakers__.egpack 的 jp 槽抽取，禁止用英文 speaker 作为原文
カメラマン,摄影师,TDA说话人（日文源）,从 TDA02/TDA03 __speakers__.egpack 的 jp 槽抽取，禁止用英文 speaker 作为原文
キャスター,主播,TDA说话人（日文源）,从 TDA02/TDA03 __speakers__.egpack 的 jp 槽抽取，禁止用英文 speaker 作为原文
クレインズ,鹤中队,TDA说话人（日文源）,从 TDA02/TDA03 __speakers__.egpack 的 jp 槽抽取，禁止用英文 speaker 作为原文
ゲグラン少佐,盖克兰少佐,TDA说话人（日文源）,从 TDA02/TDA03 __speakers__.egpack 的 jp 槽抽取，禁止用英文 speaker 作为原文
サラマンダー１,火蜥蜴1,TDA说话人（日文源）,从 TDA02/TDA03 __speakers__.egpack 的 jp 槽抽取，禁止用英文 speaker 作为原文
サラマンダー２,火蜥蜴2,TDA说话人（日文源）,从 TDA02/TDA03 __speakers__.egpack 的 jp 槽抽取，禁止用英文 speaker 作为原文
サラマンダーズ,火蜥蜴队,TDA说话人（日文源）,从 TDA02/TDA03 __speakers__.egpack 的 jp 槽抽取，禁止用英文 speaker 作为原文
シアトル市民,西雅图市民,TDA说话人（日文源）,从 TDA02/TDA03 __speakers__.egpack 的 jp 槽抽取，禁止用英文 speaker 作为原文
ダリル,达里尔,TDA说话人（日文源）,从 TDA02/TDA03 __speakers__.egpack 的 jp 槽抽取，禁止用英文 speaker 作为原文; TDA00 baseline: speaker_table_name
デモ隊メンバー,示威队成员,TDA说话人（日文源）,从 TDA02/TDA03 __speakers__.egpack 的 jp 槽抽取，禁止用英文 speaker 作为原文
ナイヴス２,黑刃2,TDA说话人（日文源）,从 TDA02/TDA03 __speakers__.egpack 的 jp 槽抽取，禁止用英文 speaker 作为原文; TDA00 baseline: katakana_callsign_or_unit
ナイヴス３,黑刃3,TDA说话人（日文源）,从 TDA02/TDA03 __speakers__.egpack 的 jp 槽抽取，禁止用英文 speaker 作为原文; TDA00 baseline: katakana_callsign_or_unit
ナイヴス４,黑刀4,TDA说话人（日文源）,从 TDA02/TDA03 __speakers__.egpack 的 jp 槽抽取，禁止用英文 speaker 作为原文
ナイトオウル隊,夜枭飞行队,部队名,TDA专有名词固定；英文对应：Night Owl Flight / Unit
ハンター５,猎人5,TDA说话人（日文源）,从 TDA02/TDA03 __speakers__.egpack 的 jp 槽抽取，禁止用英文 speaker 作为原文
ハンター７,猎人7,TDA说话人（日文源）,从 TDA02/TDA03 __speakers__.egpack 的 jp 槽抽取，禁止用英文 speaker 作为原文
ハンター９,猎人9,TDA说话人（日文源）,从 TDA02/TDA03 __speakers__.egpack 的 jp 槽抽取，禁止用英文 speaker 作为原文
ハンターズ,猎人队,部队名,TDA专有名词固定；英文对应：Hunters
ヒル中尉,希尔中尉,TDA说话人（日文源）,从 TDA02/TDA03 __speakers__.egpack 的 jp 槽抽取，禁止用英文 speaker 作为原文
フェザント２,雉鸡2,TDA说话人（日文源）,从 TDA02/TDA03 __speakers__.egpack 的 jp 槽抽取，禁止用英文 speaker 作为原文
ブライアン,布莱恩,TDA说话人（日文源）,从 TDA02/TDA03 __speakers__.egpack 的 jp 槽抽取，禁止用英文 speaker 作为原文
ブラックナイヴス,黑刃队,部队名,TDA专有名词固定；英文对应：Black Knives
フランス衛士たち,法国卫士们,TDA说话人（日文源）,从 TDA02/TDA03 __speakers__.egpack 的 jp 槽抽取，禁止用英文 speaker 作为原文
フランス軍,法军,TDA说话人（日文源）,从 TDA02/TDA03 __speakers__.egpack 的 jp 槽抽取，禁止用英文 speaker 作为原文
フランス軍ＣＰ,法军CP,TDA说话人（日文源）,从 TDA02/TDA03 __speakers__.egpack 的 jp 槽抽取，禁止用英文 speaker 作为原文
フランス軍オペレーター,法军操作员,TDA说话人（日文源）,从 TDA02/TDA03 __speakers__.egpack 的 jp 槽抽取，禁止用英文 speaker 作为原文
フランス軍衛士,法军卫士,TDA说话人（日文源）,从 TDA02/TDA03 __speakers__.egpack 的 jp 槽抽取，禁止用英文 speaker 作为原文
フランス軍衛士たち,法军卫士们,TDA说话人（日文源）,从 TDA02/TDA03 __speakers__.egpack 的 jp 槽抽取，禁止用英文 speaker 作为原文
フランス軍士官,法军士官,TDA说话人（日文源）,从 TDA02/TDA03 __speakers__.egpack 的 jp 槽抽取，禁止用英文 speaker 作为原文
フランス軍少佐,法军少佐,TDA说话人（日文源）,从 TDA02/TDA03 __speakers__.egpack 的 jp 槽抽取，禁止用英文 speaker 作为原文
フランス軍大尉,法军上尉,TDA说话人（日文源）,从 TDA02/TDA03 __speakers__.egpack 的 jp 槽抽取，禁止用英文 speaker 作为原文
フランス人,法国人,TDA说话人（日文源）,从 TDA02/TDA03 __speakers__.egpack 的 jp 槽抽取，禁止用英文 speaker 作为原文
フランス代表,法国代表,TDA说话人（日文源）,从 TDA02/TDA03 __speakers__.egpack 的 jp 槽抽取，禁止用英文 speaker 作为原文
ホーンド３,号角3,TDA说话人（日文源）,从 TDA02/TDA03 __speakers__.egpack 的 jp 槽抽取，禁止用英文 speaker 作为原文
ホーンド中隊,号角中队,部队名,TDA专有名词固定；英文对应：Horn Squadron
ボクサーＯＰ,博克瑟号操作员,TDA说话人（日文源）,从 TDA02/TDA03 __speakers__.egpack 的 jp 槽抽取，禁止用英文 speaker 作为原文
ボクサーオペレーター,博克瑟号操作员,TDA说话人（日文源）,从 TDA02/TDA03 __speakers__.egpack 的 jp 槽抽取，禁止用英文 speaker 作为原文
マクガイヤ准将,麦圭尔准将,TDA说话人（日文源）,从 TDA02/TDA03 __speakers__.egpack 的 jp 槽抽取，禁止用英文 speaker 作为原文
マザーグース１,鹅妈妈1,TDA说话人（日文源）,从 TDA02/TDA03 __speakers__.egpack 的 jp 槽抽取，禁止用英文 speaker 作为原文
マリア,玛丽亚,TDA说话人（日文源）,从 TDA02/TDA03 __speakers__.egpack 的 jp 槽抽取，禁止用英文 speaker 作为原文
メルヴィナ,梅尔维娜,TDA说话人（日文源）,从 TDA02/TDA03 __speakers__.egpack 的 jp 槽抽取，禁止用英文 speaker 作为原文; TDA00 baseline: speaker_table_name
ラトルスネーク１,响尾蛇1,TDA说话人（日文源）,从 TDA02/TDA03 __speakers__.egpack 的 jp 槽抽取，禁止用英文 speaker 作为原文
リーナ,莉娜,TDA说话人（日文源）,从 TDA02/TDA03 __speakers__.egpack 的 jp 槽抽取，禁止用英文 speaker 作为原文
リヴィエール大尉,里维埃上尉,TDA说话人（日文源）,从 TDA02/TDA03 __speakers__.egpack 的 jp 槽抽取，禁止用英文 speaker 作为原文
リリア,莉莉娅,TDA说话人（日文源）,从 TDA02/TDA03 __speakers__.egpack 的 jp 槽抽取，禁止用英文 speaker 作为原文; TDA00 baseline: speaker_table_name
レポーター,记者,TDA说话人（日文源）,从 TDA02/TDA03 __speakers__.egpack 的 jp 槽抽取，禁止用英文 speaker 作为原文
医官,军医,TDA说话人（日文源）,从 TDA02/TDA03 __speakers__.egpack 的 jp 槽抽取，禁止用英文 speaker 作为原文
医者,医生,TDA说话人（日文源）,从 TDA02/TDA03 __speakers__.egpack 的 jp 槽抽取，禁止用英文 speaker 作为原文
一同,众人,TDA说话人（日文源）,从 TDA02/TDA03 __speakers__.egpack 的 jp 槽抽取，禁止用英文 speaker 作为原文
一郎,一郎,TDA说话人（日文源）,从 TDA02/TDA03 __speakers__.egpack 的 jp 槽抽取，禁止用英文 speaker 作为原文
衛士たち,卫士们,TDA说话人（日文源）,从 TDA02/TDA03 __speakers__.egpack 的 jp 槽抽取，禁止用英文 speaker 作为原文
欧州派遣軍衛士,欧洲派遣军卫士,TDA说话人（日文源）,从 TDA02/TDA03 __speakers__.egpack 的 jp 槽抽取，禁止用英文 speaker 作为原文
河崎重工専務,河崎重工专务,TDA说话人（日文源）,从 TDA02/TDA03 __speakers__.egpack 的 jp 槽抽取，禁止用英文 speaker 作为原文
監査官,监察官,TDA说话人（日文源）,从 TDA02/TDA03 __speakers__.egpack 的 jp 槽抽取，禁止用英文 speaker 作为原文
監察官,监察官,TDA说话人（日文源）,从 TDA02/TDA03 __speakers__.egpack 的 jp 槽抽取，禁止用英文 speaker 作为原文
看護師,护士,TDA说话人（日文源）,从 TDA02/TDA03 __speakers__.egpack 的 jp 槽抽取，禁止用英文 speaker 作为原文
記者,记者,TDA说话人（日文源）,从 TDA02/TDA03 __speakers__.egpack 的 jp 槽抽取，禁止用英文 speaker 作为原文
軌道港ＯＰ,轨道港操作员,TDA说话人（日文源）,从 TDA02/TDA03 __speakers__.egpack 的 jp 槽抽取，禁止用英文 speaker 作为原文
軌道降下兵,轨道降下兵,TDA说话人（日文源）,从 TDA02/TDA03 __speakers__.egpack 的 jp 槽抽取，禁止用英文 speaker 作为原文
軌道降下兵たち,轨道降下兵们,TDA说话人（日文源）,从 TDA02/TDA03 __speakers__.egpack 的 jp 槽抽取，禁止用英文 speaker 作为原文
響,响,TDA说话人（日文源）,从 TDA02/TDA03 __speakers__.egpack 的 jp 槽抽取，禁止用英文 speaker 作为原文
響・ヒル中尉,响・希尔中尉,TDA说话人（日文源）,从 TDA02/TDA03 __speakers__.egpack 的 jp 槽抽取，禁止用英文 speaker 作为原文
響・月詠中尉,响・月咏中尉,TDA说话人（日文源）,从 TDA02/TDA03 __speakers__.egpack 的 jp 槽抽取，禁止用英文 speaker 作为原文
響・柚香,响・柚香,TDA说话人（日文源）,从 TDA02/TDA03 __speakers__.egpack 的 jp 槽抽取，禁止用英文 speaker 作为原文
響・柚香・エレン,响・柚香・艾伦,TDA说话人（日文源）,从 TDA02/TDA03 __speakers__.egpack 的 jp 槽抽取，禁止用英文 speaker 作为原文
響・柚香・エレン・雫,响・柚香・艾伦・雫,TDA说话人（日文源）,从 TDA02/TDA03 __speakers__.egpack 的 jp 槽抽取，禁止用英文 speaker 作为原文
駒木大尉,驹木上尉,TDA说话人（日文源）,从 TDA02/TDA03 __speakers__.egpack 的 jp 槽抽取，禁止用英文 speaker 作为原文
月詠中尉,月咏中尉,TDA说话人（日文源）,从 TDA02/TDA03 __speakers__.egpack 的 jp 槽抽取，禁止用英文 speaker 作为原文
元帝国軍衛士,前帝国军卫士,TDA说话人（日文源）,从 TDA02/TDA03 __speakers__.egpack 的 jp 槽抽取，禁止用英文 speaker 作为原文
元帝国軍衛士たち,前帝国军卫士们,TDA说话人（日文源）,从 TDA02/TDA03 __speakers__.egpack 的 jp 槽抽取，禁止用英文 speaker 作为原文
古手川先生,古手川老师,TDA说话人（日文源）,从 TDA02/TDA03 __speakers__.egpack 的 jp 槽抽取，禁止用英文 speaker 作为原文
伍長,伍长,TDA说话人（日文源）,从 TDA02/TDA03 __speakers__.egpack 的 jp 槽抽取，禁止用英文 speaker 作为原文
広報官,宣传官,TDA说话人（日文源）,从 TDA02/TDA03 __speakers__.egpack 的 jp 槽抽取，禁止用英文 speaker 作为原文
沙霧大尉,沙雾上尉,TDA说话人（日文源）,从 TDA02/TDA03 __speakers__.egpack 的 jp 槽抽取，禁止用英文 speaker 作为原文
咲代子,咲代子,TDA说话人（日文源）,从 TDA02/TDA03 __speakers__.egpack 的 jp 槽抽取，禁止用英文 speaker 作为原文
参加者,参加者,TDA说话人（日文源）,从 TDA02/TDA03 __speakers__.egpack 的 jp 槽抽取，禁止用英文 speaker 作为原文
司会,主持人,TDA说话人（日文源）,从 TDA02/TDA03 __speakers__.egpack 的 jp 槽抽取，禁止用英文 speaker 作为原文
子ども,孩子,TDA说话人（日文源）,从 TDA02/TDA03 __speakers__.egpack 的 jp 槽抽取，禁止用英文 speaker 作为原文
子どもたち,孩子们,TDA说话人（日文源）,从 TDA02/TDA03 __speakers__.egpack 的 jp 槽抽取，禁止用英文 speaker 作为原文
子ども達,孩子们,TDA说话人（日文源）,从 TDA02/TDA03 __speakers__.egpack 的 jp 槽抽取，禁止用英文 speaker 作为原文
子供,孩子,TDA说话人（日文源）,从 TDA02/TDA03 __speakers__.egpack 的 jp 槽抽取，禁止用英文 speaker 作为原文
市民,市民,TDA说话人（日文源）,从 TDA02/TDA03 __speakers__.egpack 的 jp 槽抽取，禁止用英文 speaker 作为原文
斯衛,斯卫,TDA说话人（日文源）,从 TDA02/TDA03 __speakers__.egpack 的 jp 槽抽取，禁止用英文 speaker 作为原文
斯衛衛士,斯卫卫士,TDA说话人（日文源）,从 TDA02/TDA03 __speakers__.egpack 的 jp 槽抽取，禁止用英文 speaker 作为原文
斯衛軍衛士,斯卫军卫士,TDA说话人（日文源）,从 TDA02/TDA03 __speakers__.egpack 的 jp 槽抽取，禁止用英文 speaker 作为原文
斯衛軍衛士１,斯卫军卫士1,TDA说话人（日文源）,从 TDA02/TDA03 __speakers__.egpack 的 jp 槽抽取，禁止用英文 speaker 作为原文
斯衛軍衛士たち,斯卫军卫士们,TDA说话人（日文源）,从 TDA02/TDA03 __speakers__.egpack 的 jp 槽抽取，禁止用英文 speaker 作为原文
事務官,事务官,TDA说话人（日文源）,从 TDA02/TDA03 __speakers__.egpack 的 jp 槽抽取，禁止用英文 speaker 作为原文
寺本,寺本,TDA说话人（日文源）,从 TDA02/TDA03 __speakers__.egpack 的 jp 槽抽取，禁止用英文 speaker 作为原文
雫,雫,TDA说话人（日文源）,从 TDA02/TDA03 __speakers__.egpack 的 jp 槽抽取，禁止用英文 speaker 作为原文
戎少尉,戎少尉,TDA说话人（日文源）,从 TDA02/TDA03 __speakers__.egpack 的 jp 槽抽取，禁止用英文 speaker 作为原文
助手,助手,TDA说话人（日文源）,从 TDA02/TDA03 __speakers__.egpack 的 jp 槽抽取，禁止用英文 speaker 作为原文
女,女性,TDA说话人（日文源）,从 TDA02/TDA03 __speakers__.egpack 的 jp 槽抽取，禁止用英文 speaker 作为原文
女の子,女孩,TDA说话人（日文源）,从 TDA02/TDA03 __speakers__.egpack 的 jp 槽抽取，禁止用英文 speaker 作为原文
女の声,女性的声音,TDA说话人（日文源）,从 TDA02/TDA03 __speakers__.egpack 的 jp 槽抽取，禁止用英文 speaker 作为原文
女衛士,女卫士,TDA说话人（日文源）,从 TDA02/TDA03 __speakers__.egpack 的 jp 槽抽取，禁止用英文 speaker 作为原文
女衛士１,女卫士1,TDA说话人（日文源）,从 TDA02/TDA03 __speakers__.egpack 的 jp 槽抽取，禁止用英文 speaker 作为原文
松風,松风,TDA说话人（日文源）,从 TDA02/TDA03 __speakers__.egpack 的 jp 槽抽取，禁止用英文 speaker 作为原文
松風部下１,松风的部下1,TDA说话人（日文源）,从 TDA02/TDA03 __speakers__.egpack 的 jp 槽抽取，禁止用英文 speaker 作为原文
松風部下２,松风的部下2,TDA说话人（日文源）,从 TDA02/TDA03 __speakers__.egpack 的 jp 槽抽取，禁止用英文 speaker 作为原文
松風部下３,松风的部下3,TDA说话人（日文源）,从 TDA02/TDA03 __speakers__.egpack 的 jp 槽抽取，禁止用英文 speaker 作为原文
職員,工作人员,TDA说话人（日文源）,从 TDA02/TDA03 __speakers__.egpack 的 jp 槽抽取，禁止用英文 speaker 作为原文
真壁中佐,真壁中佐,TDA说话人（日文源）,从 TDA02/TDA03 __speakers__.egpack 的 jp 槽抽取，禁止用英文 speaker 作为原文
神代・戎・巴,神代・戎・巴,TDA说话人（日文源）,从 TDA02/TDA03 __speakers__.egpack 的 jp 槽抽取，禁止用英文 speaker 作为原文
神代・巴,神代・巴,TDA说话人（日文源）,从 TDA02/TDA03 __speakers__.egpack 的 jp 槽抽取，禁止用英文 speaker 作为原文
神代・巴・戎,神代・巴・戎,TDA说话人（日文源）,从 TDA02/TDA03 __speakers__.egpack 的 jp 槽抽取，禁止用英文 speaker 作为原文
神代少尉,神代少尉,TDA说话人（日文源）,从 TDA02/TDA03 __speakers__.egpack 的 jp 槽抽取，禁止用英文 speaker 作为原文
神代少尉・巴少尉・戎少尉,神代少尉・巴少尉・戎少尉,TDA说话人（日文源）,从 TDA02/TDA03 __speakers__.egpack 的 jp 槽抽取，禁止用英文 speaker 作为原文
整備班長,整备班长,TDA说话人（日文源）,从 TDA02/TDA03 __speakers__.egpack 的 jp 槽抽取，禁止用英文 speaker 作为原文
声,声音,TDA说话人（日文源）,从 TDA02/TDA03 __speakers__.egpack 的 jp 槽抽取，禁止用英文 speaker 作为原文
千堂専務,千堂专务,TDA说话人（日文源）,从 TDA02/TDA03 __speakers__.egpack 的 jp 槽抽取，禁止用英文 speaker 作为原文
戦車兵,坦克兵,TDA说话人（日文源）,从 TDA02/TDA03 __speakers__.egpack 的 jp 槽抽取，禁止用英文 speaker 作为原文
浅葱,浅葱,TDA说话人（日文源）,从 TDA02/TDA03 __speakers__.egpack 的 jp 槽抽取，禁止用英文 speaker 作为原文
側近,侧近,TDA说话人（日文源）,从 TDA02/TDA03 __speakers__.egpack 的 jp 槽抽取，禁止用英文 speaker 作为原文
側近たち,侧近们,TDA说话人（日文源）,从 TDA02/TDA03 __speakers__.egpack 的 jp 槽抽取，禁止用英文 speaker 作为原文
隊員,队员,TDA说话人（日文源）,从 TDA02/TDA03 __speakers__.egpack 的 jp 槽抽取，禁止用英文 speaker 作为原文
隊長,队长,TDA说话人（日文源）,从 TDA02/TDA03 __speakers__.egpack 的 jp 槽抽取，禁止用英文 speaker 作为原文; TDA00 baseline: kanji_place_or_military_org
大上中尉,大上中尉,TDA说话人（日文源）,从 TDA02/TDA03 __speakers__.egpack 的 jp 槽抽取，禁止用英文 speaker 作为原文
大和オペレーター,大和号操作员,TDA说话人（日文源）,从 TDA02/TDA03 __speakers__.egpack 的 jp 槽抽取，禁止用英文 speaker 作为原文
大和艦長,大和号舰长,TDA说话人（日文源）,从 TDA02/TDA03 __speakers__.egpack 的 jp 槽抽取，禁止用英文 speaker 作为原文
担当官,负责人,TDA说话人（日文源）,从 TDA02/TDA03 __speakers__.egpack 的 jp 槽抽取，禁止用英文 speaker 作为原文
男,男性,TDA说话人（日文源）,从 TDA02/TDA03 __speakers__.egpack 的 jp 槽抽取，禁止用英文 speaker 作为原文
男の子,少年,TDA说话人（日文源）,从 TDA02/TDA03 __speakers__.egpack 的 jp 槽抽取，禁止用英文 speaker 作为原文
帝国ＣＰオペレーター,帝国CP操作员,TDA说话人（日文源）,从 TDA02/TDA03 __speakers__.egpack 的 jp 槽抽取，禁止用英文 speaker 作为原文
帝国ＨＱオペレーター,帝国HQ操作员,TDA说话人（日文源）,从 TDA02/TDA03 __speakers__.egpack 的 jp 槽抽取，禁止用英文 speaker 作为原文
帝国衛士,帝国卫士,TDA说话人（日文源）,从 TDA02/TDA03 __speakers__.egpack 的 jp 槽抽取，禁止用英文 speaker 作为原文
帝国衛士たち,帝国卫士们,TDA说话人（日文源）,从 TDA02/TDA03 __speakers__.egpack 的 jp 槽抽取，禁止用英文 speaker 作为原文
帝国欧州派遣軍,帝国欧洲派遣军,TDA说话人（日文源）,从 TDA02/TDA03 __speakers__.egpack 的 jp 槽抽取，禁止用英文 speaker 作为原文
帝国海軍参謀,帝国海军参谋,TDA说话人（日文源）,从 TDA02/TDA03 __speakers__.egpack 的 jp 槽抽取，禁止用英文 speaker 作为原文
帝国海軍提督,帝国海军提督,TDA说话人（日文源）,从 TDA02/TDA03 __speakers__.egpack 的 jp 槽抽取，禁止用英文 speaker 作为原文
帝国軍衛士,帝国军卫士,TDA说话人（日文源）,从 TDA02/TDA03 __speakers__.egpack 的 jp 槽抽取，禁止用英文 speaker 作为原文
帝国軍衛士たち,帝国军卫士们,TDA说话人（日文源）,从 TDA02/TDA03 __speakers__.egpack 的 jp 槽抽取，禁止用英文 speaker 作为原文
帝国軍将官,帝国军将官,TDA说话人（日文源）,从 TDA02/TDA03 __speakers__.egpack 的 jp 槽抽取，禁止用英文 speaker 作为原文
帝国軍兵士,帝国军士兵,TDA说话人（日文源）,从 TDA02/TDA03 __speakers__.egpack 的 jp 槽抽取，禁止用英文 speaker 作为原文
帝国軍兵士たち,帝国军士兵们,TDA说话人（日文源）,从 TDA02/TDA03 __speakers__.egpack 的 jp 槽抽取，禁止用英文 speaker 作为原文
帝国斯衛衛士,帝国斯卫卫士,TDA说话人（日文源）,从 TDA02/TDA03 __speakers__.egpack 的 jp 槽抽取，禁止用英文 speaker 作为原文
藤原大尉,藤原上尉,TDA说话人（日文源）,从 TDA02/TDA03 __speakers__.egpack 的 jp 槽抽取，禁止用英文 speaker 作为原文
突入部隊,突入部队,TDA说话人（日文源）,从 TDA02/TDA03 __speakers__.egpack 的 jp 槽抽取，禁止用英文 speaker 作为原文
謎の影,神秘影子,TDA说话人（日文源）,从 TDA02/TDA03 __speakers__.egpack 的 jp 槽抽取，禁止用英文 speaker 作为原文
楠本,楠本,TDA说话人（日文源）,从 TDA02/TDA03 __speakers__.egpack 的 jp 槽抽取，禁止用英文 speaker 作为原文
日本軍士官,日本军士官,TDA说话人（日文源）,从 TDA02/TDA03 __speakers__.egpack 的 jp 槽抽取，禁止用英文 speaker 作为原文
巴少尉,巴少尉,TDA说话人（日文源）,从 TDA02/TDA03 __speakers__.egpack 的 jp 槽抽取，禁止用英文 speaker 作为原文
白銀中尉,白银中尉,TDA说话人（日文源）,从 TDA02/TDA03 __speakers__.egpack 的 jp 槽抽取，禁止用英文 speaker 作为原文
斑鳩,斑鸠,TDA说话人（日文源）,从 TDA02/TDA03 __speakers__.egpack 的 jp 槽抽取，禁止用英文 speaker 作为原文
斑鳩閣下,斑鸠阁下,TDA说话人（日文源）,从 TDA02/TDA03 __speakers__.egpack 的 jp 槽抽取，禁止用英文 speaker 作为原文
秘書,秘书,TDA说话人（日文源）,从 TDA02/TDA03 __speakers__.egpack 的 jp 槽抽取，禁止用英文 speaker 作为原文
副長,副长,TDA说话人（日文源）,从 TDA02/TDA03 __speakers__.egpack 的 jp 槽抽取，禁止用英文 speaker 作为原文
仏軍衛士,法军卫士,TDA说话人（日文源）,从 TDA02/TDA03 __speakers__.egpack 的 jp 槽抽取，禁止用英文 speaker 作为原文
兵士,士兵,TDA说话人（日文源）,从 TDA02/TDA03 __speakers__.egpack 的 jp 槽抽取，禁止用英文 speaker 作为原文
米軍衛士たち,美军卫士们,TDA说话人（日文源）,从 TDA02/TDA03 __speakers__.egpack 的 jp 槽抽取，禁止用英文 speaker 作为原文
米軍士官,美军士官,TDA说话人（日文源）,从 TDA02/TDA03 __speakers__.egpack 的 jp 槽抽取，禁止用英文 speaker 作为原文
米軍提督,美军提督,TDA说话人（日文源）,从 TDA02/TDA03 __speakers__.egpack 的 jp 槽抽取，禁止用英文 speaker 作为原文
米国衛士,美国卫士,TDA说话人（日文源）,从 TDA02/TDA03 __speakers__.egpack 的 jp 槽抽取，禁止用英文 speaker 作为原文
米国議員,美国议员,TDA说话人（日文源）,从 TDA02/TDA03 __speakers__.egpack 的 jp 槽抽取，禁止用英文 speaker 作为原文
米国空軍,美国空军,TDA说话人（日文源）,从 TDA02/TDA03 __speakers__.egpack 的 jp 槽抽取，禁止用英文 speaker 作为原文
米国士官,美国士官,TDA说话人（日文源）,从 TDA02/TDA03 __speakers__.egpack 的 jp 槽抽取，禁止用英文 speaker 作为原文
米国人衛士,美国人卫士,TDA说话人（日文源）,从 TDA02/TDA03 __speakers__.egpack 的 jp 槽抽取，禁止用英文 speaker 作为原文
米国人衛士たち,美国人卫士们,TDA说话人（日文源）,从 TDA02/TDA03 __speakers__.egpack 的 jp 槽抽取，禁止用英文 speaker 作为原文
悠陽殿下,悠阳殿下,TDA说话人（日文源）,从 TDA02/TDA03 __speakers__.egpack 的 jp 槽抽取，禁止用英文 speaker 作为原文
柚香,柚香,TDA说话人（日文源）,从 TDA02/TDA03 __speakers__.egpack 的 jp 槽抽取，禁止用英文 speaker 作为原文
柚香・エレン,柚香・艾伦,TDA说话人（日文源）,从 TDA02/TDA03 __speakers__.egpack 的 jp 槽抽取，禁止用英文 speaker 作为原文
柚香・エレン・雫,柚香・艾伦・雫,TDA说话人（日文源）,从 TDA02/TDA03 __speakers__.egpack 的 jp 槽抽取，禁止用英文 speaker 作为原文
柚香・雫,柚香・雫,TDA说话人（日文源）,从 TDA02/TDA03 __speakers__.egpack 的 jp 槽抽取，禁止用英文 speaker 作为原文
労働者,工人,TDA说话人（日文源）,从 TDA02/TDA03 __speakers__.egpack 的 jp 槽抽取，禁止用英文 speaker 作为原文
労働者たち,工人们,TDA说话人（日文源）,从 TDA02/TDA03 __speakers__.egpack 的 jp 槽抽取，禁止用英文 speaker 作为原文
老人,老人,TDA说话人（日文源）,从 TDA02/TDA03 __speakers__.egpack 的 jp 槽抽取，禁止用英文 speaker 作为原文
和美,和美,TDA说话人（日文源）,从 TDA02/TDA03 __speakers__.egpack 的 jp 槽抽取，禁止用英文 speaker 作为原文
イーグル,鹰,呼号,TDA专有名词固定；英文对应：Eagle
ウォードッグ隊,战犬队,部队名,TDA专有名词固定；英文对应：Wardog Unit
カロネード,卡洛内德,呼号,TDA专有名词固定；英文对应：Carronade
カロネード隊,卡洛内德队,部队名,TDA专有名词固定；英文对应：Carronade Unit
ドレイク,德雷克,呼号,TDA专有名词固定；英文对应：Drake
ドレイク・カロネード,德雷克、卡洛内德,呼号组合,TDA专有名词固定；英文对应：Drake / Carronade
クレイン中隊,鹤中队,部队名,TDA专有名词固定；英文对应：Crane Squadron
サラマンダー,蝾螈,呼号,TDA专有名词固定；英文对应：Salamander
サラマンダー隊,蝾螈队,部队名,TDA专有名词固定；英文对应：Salamander Unit
ナイトオウル,夜枭,呼号,TDA专有名词固定；英文对应：Night Owl
ナイヴス,黑刃,呼号,TDA专有名词固定；英文对应：Knives; TDA00 baseline: katakana_callsign_or_unit
ブラックナイヴス小隊,黑刃小队,部队名,TDA专有名词固定；英文对应：Black Knives Platoon / Flight
ブラックバード,黑鸟,呼号,TDA专有名词固定；英文对应：Blackbird
ホーンド,号角,呼号,TDA专有名词固定；英文对应：Horn
フェザント,雉鸡,呼号,TDA专有名词固定；英文对应：Pheasant
フェザント中隊,雉鸡中队,部队名,TDA专有名词固定；英文对应：Pheasant Squadron
強襲揚陸艦ボクサー,强袭登陆舰拳师号,舰名,TDA专有名词固定；英文对应：USS Boxer / Amphibious Assault Ship Boxer
マザーグース,鹅妈妈号,舰名,TDA专有名词固定；英文对应：Mother Goose
装甲駆逐艦マザーグース,装甲驱逐舰鹅妈妈号,舰名,TDA专有名词固定；英文对应：Armored Destroyer Mother Goose
ラトルスネーク,响尾蛇,呼号,TDA专有名词固定；英文对应：Rattlesnake
ラプター,猛禽,机体/呼称,TDA专有名词固定；英文对应：Raptor
大和,大和,舰名,TDA专有名词固定；英文对应：Yamato
ＪＦＫ,JFK,舰名/作战相关,TDA专有名词固定；英文对应：JFK; TDA00 baseline: ruby_term
帝国連合艦隊,帝国联合舰队,组织名,TDA专有名词固定；英文对应：Imperial Combined Fleet
日本帝国欧州派遣軍,日本帝国欧洲派遣军,组织名,TDA专有名词固定；英文对应：Imperial Japanese European Expeditionary Force
日本帝国欧州派遣軍イーグル中隊,日本帝国欧洲派遣军鹰中队,组织名,TDA专有名词固定；英文对应：Imperial Japanese European Expeditionary Force Eagle Squadron
帝国陸軍特殊作戦団第一歩兵連隊第一中隊,帝国陆军特殊作战团第一步兵连第一中队,组织名,"TDA专有名词固定；英文对应：Imperial Army Special Operations Group, 1st Infantry Regiment, 1st Company"
米国海兵隊戦術機部隊ブラックナイヴス,美国海军陆战队战术机部队黑刃队,组织名,TDA专有名词固定；英文对应：US Marine Corps TSF Unit Black Knives
米国海軍戦術機母艦,美国海军战术机母舰,舰名/舰种,TDA专有名词固定；英文对应：US Navy TSF Carrier
米国陸軍第１軍団第６６戦術機甲大隊,美国陆军第1军团第66战术机甲大队,组织名,TDA专有名词固定；英文对应：US Army I Corps 66th Tactical Armored Battalion
米国陸軍第６６戦術機甲大隊,美国陆军第66战术机甲大队,组织名,TDA专有名词固定；英文对应：US Army 66th Tactical Armored Battalion
国連宇宙総軍第６軌道降下兵団,联合国宇宙总军第6轨道降下兵团,组织名,TDA专有名词固定；英文对应：UN Space Force 6th Orbital Drop Brigade/Corps
ボーニング社,波宁公司,固有名词,TDA03 screenshot feedback 20260618
生産プラント,生产设施,设施术语,"TDA03 screenshot feedback 20260618: plant/facility, not platform/factory"
少尉,少尉,TDA00??,TDA00 baseline: speaker_table_name
ＢＥＴＡ,BETA,TDA00??,TDA00 baseline: latin_or_acronym
海兵隊,海军陆战队,TDA00??,TDA00 baseline: kanji_place_or_military_org
ナイヴス１,黑刃1,TDA00??,TDA00 baseline: katakana_callsign_or_unit
中尉,中尉,TDA00??,TDA00 baseline: speaker_table_name
海兵隊員,海军陆战队员,TDA00??,TDA00 baseline: kanji_place_or_military_org
ソルティ・ベース,索尔蒂基地,TDA00??,TDA00 baseline: katakana_foreign_word
リリア・シェルベリ,莉莉娅·谢尔贝里,TDA00??,TDA00 baseline: katakana_person
シェルベリ,谢尔贝里,TDA00??,TDA00 baseline: katakana_foreign_word
シドニー,悉尼,TDA00??,TDA00 baseline: katakana_military_or_foreign
海軍,海军,TDA00??,TDA00 baseline: kanji_place_or_military_org
ハワイ,夏威夷,TDA00??,TDA00 baseline: katakana_military_or_foreign
戦術機部隊,战术机部队,TDA00??,TDA00 baseline: kanji_place_or_military_org
合衆国,合众国,TDA00??,TDA00 baseline: kanji_place_or_region
衛星,卫星,TDA00??,TDA00 baseline: kanji_place_or_region
ブルーオーシャン,蓝海,TDA00??,TDA00 baseline: katakana_foreign_word
ＧＰＳ,GPS,TDA00??,TDA00 baseline: latin_or_acronym
ブルーオーシャン作戦,蓝海作战,TDA00??,TDA00 baseline: kanji_place_or_military_org
データリンク,数据链,TDA00??,TDA00 baseline: katakana_foreign_word
バビロン,巴比伦,TDA00??,TDA00 baseline: katakana_military_or_foreign
ビッグ・マム,Big Mom,TDA00??,TDA00 baseline: katakana_military_or_foreign
米国人,美国人,TDA00??,TDA00 baseline: kanji_place_or_military_org
本国,本国,TDA00??,TDA00 baseline: kanji_place_or_region
オーストラリア,澳大利亚,TDA00??,TDA00 baseline: katakana_foreign_word
クソ,该死,TDA00??,TDA00 baseline: katakana_foreign_word
ゲティスバーグ,葛底斯堡,TDA00??,TDA00 baseline: katakana_military_or_foreign
ハイヴ,HIVE,TDA00??,TDA00 baseline: katakana_foreign_word
ユーラシア,欧亚大陆,TDA00??,TDA00 baseline: katakana_foreign_word
戦術機隊,战术机队,TDA00??,TDA00 baseline: kanji_place_or_military_org
低軌道衛星,低轨道卫星,TDA00??,TDA00 baseline: kanji_place_or_region
バスター１,破坏者1,TDA00??,TDA00 baseline: speaker_table_name
レナード,伦纳德,TDA00??,TDA00 baseline: katakana_military_or_foreign
ウィルバート・コリンズ,威尔伯特·柯林斯,TDA00??,TDA00 baseline: katakana_person
ジョン・Ｆ・ケネディ,约翰·F·肯尼迪,TDA00??,TDA00 baseline: katakana_ship_or_codename
フライング・ブーム作戦,飞行吊杆作战,TDA00??,TDA00 baseline: kanji_place_or_military_org
戦術歩行戦闘機隊,战术步行战斗机队,TDA00??,TDA00 baseline: kanji_place_or_military_org
第３１８戦術歩行戦闘機隊,第318战术步行战斗机队,TDA00??,TDA00 baseline: kanji_place_or_military_org
米国海兵隊第,美国海军陆战队第,TDA00??,TDA00 baseline: kanji_place_or_military_org
バスターズ,破坏者队,TDA00??,TDA00 baseline: katakana_callsign_or_unit
インド,印度,TDA00??,TDA00 baseline: katakana_foreign_word
フライング・ブーム,飞行吊杆,TDA00??,TDA00 baseline: katakana_military_or_foreign
マクマナス,麦克马纳斯,TDA00??,TDA00 baseline: katakana_person
コリンズ,柯林斯,TDA00??,TDA00 baseline: katakana_foreign_word
ケネディ,肯尼迪,TDA00??,TDA00 baseline: katakana_ship_or_codename
マルドゥーク,马尔杜克,TDA00??,TDA00 baseline: katakana_ship_or_codename
分遣隊,分遣队,TDA00??,TDA00 baseline: kanji_place_or_military_org
司令部,司令部,TDA00??,TDA00 baseline: kanji_place_or_military_org
母艦打撃群司令部,母舰打击群司令部,TDA00??,TDA00 baseline: kanji_place_or_military_org
海兵戦術機隊,海军陆战队战术机队,TDA00??,TDA00 baseline: kanji_place_or_military_org
海兵隊同士,海军陆战队同僚,TDA00??,TDA00 baseline: kanji_place_or_military_org
米国,美国,TDA00??,TDA00 baseline: kanji_place_or_military_org
軍人,军人,TDA00??,TDA00 baseline: kanji_place_or_military_org
部隊,部队,TDA00??,TDA00 baseline: kanji_place_or_military_org
地球,地球,TDA00??,TDA00 baseline: kanji_place_or_region
ブロック,区块,TDA00??,TDA00 baseline: katakana_foreign_word
ヤンキー・ステーション,扬基站,TDA00??,TDA00 baseline: katakana_foreign_word
ニミッツ,尼米兹,TDA00??,TDA00 baseline: katakana_military_or_foreign
ウィルバート・Ｄ・コリンズ,威尔伯特·D·柯林斯,TDA00??,TDA00 baseline: katakana_person
Ｃ２８,C28,TDA00??,TDA00 baseline: latin_or_acronym
Ｆ－１８Ｅ,F-18E,TDA00??,TDA00 baseline: ruby_term
センパー・ファイ,永远忠诚,TDA00??,TDA00 baseline: ruby_reading_katakana
おっかさん,Big Mom,TDA00??,TDA00 baseline: ruby_term
准将,准将,TDA00??,TDA00 baseline: kanji_person_or_rank_name
上陸部隊,登陆部队,TDA00??,TDA00 baseline: kanji_place_or_military_org
個小隊,个小队,TDA00??,TDA00 baseline: kanji_place_or_military_org
全戦術機部隊,全战术机部队,TDA00??,TDA00 baseline: kanji_place_or_military_org
分隊編成,分队编成,TDA00??,TDA00 baseline: ruby_term
友軍,友军,TDA00??,TDA00 baseline: kanji_place_or_military_org
各部隊指揮官,各部队指挥官,TDA00??,TDA00 baseline: kanji_place_or_military_org
捜索隊,搜索队,TDA00??,TDA00 baseline: kanji_place_or_military_org
海兵隊第,海军陆战队第,TDA00??,TDA00 baseline: kanji_place_or_military_org
海軍戦術機部隊,海军战术机部队,TDA00??,TDA00 baseline: kanji_place_or_military_org
第３１８戦術機隊,第318战术机队,TDA00??,TDA00 baseline: kanji_place_or_military_org
米軍,美军,TDA00??,TDA00 baseline: ruby_term
軍葬,军葬,TDA00??,TDA00 baseline: kanji_place_or_military_org
軍隊,军队,TDA00??,TDA00 baseline: kanji_place_or_military_org
部隊葬,部队葬,TDA00??,TDA00 baseline: kanji_place_or_military_org
低軌道観測衛星,低轨道观测卫星,TDA00??,TDA00 baseline: kanji_place_or_region
偵察衛星,侦察卫星,TDA00??,TDA00 baseline: kanji_place_or_region
南太平洋,南太平洋,TDA00??,TDA00 baseline: kanji_place_or_region
太平洋,太平洋,TDA00??,TDA00 baseline: kanji_place_or_region
陸地,陆地,TDA00??,TDA00 baseline: kanji_place_or_region
静止衛星,静止卫星,TDA00??,TDA00 baseline: kanji_place_or_region
オール・ナイヴス,黑刃全机,TDA00??,TDA00 baseline: katakana_callsign_or_unit
ナイヴス・リード,黑刃长机,TDA00??,TDA00 baseline: katakana_callsign_or_unit
カタパルト,弹射器,TDA00??,TDA00 baseline: katakana_foreign_word
ゴーファー・ステート,戈弗州,TDA00??,TDA00 baseline: katakana_military_or_foreign
センサー,传感器,TDA00??,TDA00 baseline: katakana_foreign_word
プランＤ,D计划,TDA00??,TDA00 baseline: katakana_military_or_foreign
レベル４,第4层,TDA00??,TDA00 baseline: katakana_foreign_word
エンタープライズ,企业号,TDA00??,TDA00 baseline: katakana_military_or_foreign
キング,国王号,TDA00??,TDA00 baseline: katakana_foreign_word
ヨコハマ,横滨,TDA00??,TDA00 baseline: katakana_foreign_word
リンク,链路,TDA00??,TDA00 baseline: katakana_military_or_foreign
メルヴィナ・アードヴァニー,梅尔维娜·阿德瓦尼,TDA00??,TDA00 baseline: katakana_person
Ｅ１２,E12,TDA00??,TDA00 baseline: latin_or_acronym
Ｇ－Ｄ,G-D,TDA00??,TDA00 baseline: latin_or_acronym
セキュリティ・クリアランス,安全许可,TDA00??,TDA00 baseline: ruby_reading_katakana
バディ,搭档,TDA00??,TDA00 baseline: ruby_reading_katakana
ホーム,归处,TDA00??,TDA00 baseline: ruby_reading_katakana
機密開示証明,安全许可,TDA00??,TDA00 baseline: ruby_term
個中隊,个中队,TDA00??,TDA00 baseline: kanji_place_or_military_org
儀杖隊,仪仗队,TDA00??,TDA00 baseline: kanji_place_or_military_org
国連,联合国,TDA00??,TDA00 baseline: kanji_place_or_military_org
国連統合参謀会議,联合国联合参谋会议,TDA00??,TDA00 baseline: kanji_place_or_military_org
国連軍,联合国军,TDA00??,TDA00 baseline: kanji_place_or_military_org
基地,基地,TDA00??,TDA00 baseline: kanji_place_or_military_org
多分隊長,大概是队长,TDA00??,TDA00 baseline: kanji_place_or_military_org
探検隊,探险队,TDA00??,TDA00 baseline: kanji_place_or_military_org
援軍,援军,TDA00??,TDA00 baseline: kanji_place_or_military_org
歩兵小隊,步兵小队,TDA00??,TDA00 baseline: kanji_place_or_military_org
海兵隊少尉,海军陆战队少尉,TDA00??,TDA00 baseline: kanji_place_or_military_org
海軍側,海军方面,TDA00??,TDA00 baseline: kanji_place_or_military_org
海軍駐留拠点,海军驻留据点,TDA00??,TDA00 baseline: kanji_place_or_military_org
第三次作戦,第三次作战,TDA00??,TDA00 baseline: kanji_place_or_military_org
第５３６海兵戦術機隊,第536海军陆战队战术机队,TDA00??,TDA00 baseline: kanji_place_or_military_org
米国海兵隊,美国海军陆战队,TDA00??,TDA00 baseline: kanji_place_or_military_org
米国海兵隊員,美国海军陆战队员,TDA00??,TDA00 baseline: kanji_place_or_military_org
米国籍,美国国籍,TDA00??,TDA00 baseline: kanji_place_or_military_org
米国軍人,美国军人,TDA00??,TDA00 baseline: kanji_place_or_military_org
一ヶ月,一个月,TDA00??,TDA00 baseline: kanji_place_or_region
先月,上个月,TDA00??,TDA00 baseline: kanji_place_or_region
惑星,行星,TDA00??,TDA00 baseline: kanji_place_or_region
目的地,目的地,TDA00??,TDA00 baseline: kanji_place_or_region
英国,英国,TDA00??,TDA00 baseline: kanji_place_or_region
要領,要领,TDA00??,TDA00 baseline: kanji_place_or_region
豪州,澳洲,TDA00??,TDA00 baseline: kanji_place_or_region
集結予定地,预定集结地点,TDA00??,TDA00 baseline: kanji_place_or_region
ナイヴス３カタパルト,黑刃3弹射器,TDA00??,TDA00 baseline: katakana_callsign_or_unit
バスター２,破坏者2,TDA00??,TDA00 baseline: speaker_table_name
ァァ,啊啊,TDA00??,TDA00 baseline: katakana_foreign_word
エリア,区域,TDA00??,TDA00 baseline: katakana_foreign_word
オリジナルハイヴ,原始HIVE,TDA00??,TDA00 baseline: katakana_foreign_word
カメラ,摄像机,TDA00??,TDA00 baseline: katakana_foreign_word
ケーブル,电缆,TDA00??,TDA00 baseline: katakana_foreign_word
コスト,成本,TDA00??,TDA00 baseline: katakana_foreign_word
コントロール,管制,TDA00??,TDA00 baseline: katakana_military_or_foreign
システムチェック,系统检查,TDA00??,TDA00 baseline: katakana_foreign_word
ジェット,喷气,TDA00??,TDA00 baseline: katakana_foreign_word
ジェントル,绅士,TDA00??,TDA00 baseline: katakana_foreign_word
ジャンヌ・デュカス,让娜·迪卡斯,TDA00??,TDA00 baseline: katakana_foreign_word
ジョーク,玩笑,TDA00??,TDA00 baseline: katakana_foreign_word
スパイク,锚钉,TDA00??,TDA00 baseline: katakana_foreign_word
タイプ,类型,TDA00??,TDA00 baseline: ruby_reading_katakana
ダイエット,减肥,TDA00??,TDA00 baseline: katakana_foreign_word
テメェ,你这混蛋,TDA00??,TDA00 baseline: katakana_foreign_word
データベース,数据库,TDA00??,TDA00 baseline: katakana_foreign_word
トラブル,麻烦,TDA00??,TDA00 baseline: katakana_foreign_word
ノー・マム,不，长官,TDA00??,TDA00 baseline: katakana_foreign_word
バッテリー,电池,TDA00??,TDA00 baseline: katakana_foreign_word
ビーコン,信标,TDA00??,TDA00 baseline: katakana_foreign_word
ファック,妈的,TDA00??,TDA00 baseline: katakana_foreign_word
ファランクス,密集阵,TDA00??,TDA00 baseline: katakana_foreign_word
フィリピン,菲律宾,TDA00??,TDA00 baseline: katakana_military_or_foreign
フェデリカ・ベクレル,费德丽卡·贝克勒尔,TDA00??,TDA00 baseline: katakana_foreign_word
ブリーフィング,简报,TDA00??,TDA00 baseline: katakana_foreign_word
プログラム,程序,TDA00??,TDA00 baseline: katakana_foreign_word
ユニット,单元,TDA00??,TDA00 baseline: katakana_foreign_word
リスク,风险,TDA00??,TDA00 baseline: katakana_foreign_word
リスト,名单,TDA00??,TDA00 baseline: katakana_foreign_word
ロケットモーター,火箭发动机,TDA00??,TDA00 baseline: katakana_foreign_word
ローゼンバーグ,罗森伯格,TDA00??,TDA00 baseline: katakana_foreign_word
ジョージ・ワシントン,乔治·华盛顿,TDA00??,TDA00 baseline: katakana_military_or_foreign
ズムウォルト,朱姆沃尔特,TDA00??,TDA00 baseline: katakana_military_or_foreign
メートル,米,TDA00??,TDA00 baseline: katakana_military_or_foreign
モットー,座右铭,TDA00??,TDA00 baseline: katakana_military_or_foreign
モード・オート・スペシャル,自动特殊模式,TDA00??,TDA00 baseline: katakana_foreign_word
ダリル・マクマナス,达里尔·麦克马纳斯,TDA00??,TDA00 baseline: katakana_person
ケネディ・コントロール,肯尼迪管制,TDA00??,TDA00 baseline: katakana_ship_or_codename
Ａ－６,A-6,TDA00??,TDA00 baseline: latin_or_acronym
ＣＶＮ－６７,CVN-67,TDA00??,TDA00 baseline: latin_or_acronym
ＫＩＡ,KIA,TDA00??,TDA00 baseline: latin_or_acronym
Ｍ－４,M-4,TDA00??,TDA00 baseline: latin_or_acronym
エレメント,分队,TDA00??,TDA00 baseline: ruby_reading_katakana
ドッグタグ,身份牌,TDA00??,TDA00 baseline: ruby_reading_katakana
ビッグマム,Big Mom,TDA00??,TDA00 baseline: ruby_reading_katakana
メモリアル・デイ,阵亡将士纪念日,TDA00??,TDA00 baseline: katakana_foreign_word
リソース,资源,TDA00??,TDA00 baseline: ruby_reading_katakana
僚機,僚机,TDA00??,TDA00 baseline: ruby_term
常に忠誠,永远忠诚,TDA00??,TDA00 baseline: ruby_term
常に忠誠を,永远忠诚,TDA00??,TDA00 baseline: ruby_term
戦没将兵追悼記念日,阵亡将士纪念日,TDA00??,TDA00 baseline: ruby_term
中隊,中队,TDA00??,TDA00 baseline: kanji_place_or_military_org
元々分遣隊,原本是分遣队,TDA00??,TDA00 baseline: kanji_place_or_military_org
入隊,入队,TDA00??,TDA00 baseline: kanji_place_or_military_org
全部隊,全部队,TDA00??,TDA00 baseline: kanji_place_or_military_org
合衆国海兵隊,合众国海军陆战队,TDA00??,TDA00 baseline: kanji_place_or_military_org
地上基地,地面基地,TDA00??,TDA00 baseline: kanji_place_or_military_org
大体作戦,大体作战,TDA00??,TDA00 baseline: kanji_place_or_military_org
大規模作戦,大规模作战,TDA00??,TDA00 baseline: kanji_place_or_military_org
小隊,小队,TDA00??,TDA00 baseline: kanji_place_or_military_org
弔銃隊,鸣枪队,TDA00??,TDA00 baseline: kanji_place_or_military_org
我々海兵戦術機隊,我方海军陆战队战术机队,TDA00??,TDA00 baseline: kanji_place_or_military_org
我々海兵隊,我方海军陆战队,TDA00??,TDA00 baseline: kanji_place_or_military_org
戦術機分隊,战术机分队,TDA00??,TDA00 baseline: kanji_place_or_military_org
戦術機小隊,战术机小队,TDA00??,TDA00 baseline: kanji_place_or_military_org
探索部隊,探索部队,TDA00??,TDA00 baseline: kanji_place_or_military_org
揚陸作戦,登陆作战,TDA00??,TDA00 baseline: kanji_place_or_military_org
攻略部隊,攻略部队,TDA00??,TDA00 baseline: kanji_place_or_military_org
敵本隊,敌本队,TDA00??,TDA00 baseline: kanji_place_or_military_org
本艦海兵隊,本舰海军陆战队,TDA00??,TDA00 baseline: kanji_place_or_military_org
機分隊,机分队,TDA00??,TDA00 baseline: kanji_place_or_military_org
機械化装甲歩兵部隊,机械化装甲步兵部队,TDA00??,TDA00 baseline: kanji_place_or_military_org
母艦戦術機隊,母舰战术机队,TDA00??,TDA00 baseline: kanji_place_or_military_org
決死隊,敢死队,TDA00??,TDA00 baseline: kanji_place_or_military_org
海兵分遣隊,海军陆战队分遣队,TDA00??,TDA00 baseline: kanji_place_or_military_org
海兵連隊,海军陆战队团,TDA00??,TDA00 baseline: kanji_place_or_military_org
海兵隊歩兵小隊,海军陆战队步兵小队,TDA00??,TDA00 baseline: kanji_place_or_military_org
海兵隊陸戦部隊,海军陆战队陆战部队,TDA00??,TDA00 baseline: kanji_place_or_military_org
海軍戦術機隊,海军战术机队,TDA00??,TDA00 baseline: ruby_term
海軍補給部隊,海军补给部队,TDA00??,TDA00 baseline: kanji_place_or_military_org
第３海兵連隊,第3海军陆战队团,TDA00??,TDA00 baseline: kanji_place_or_military_org
第３１８海兵戦術機隊,第318海军陆战队战术机队,TDA00??,TDA00 baseline: kanji_place_or_military_org
第５３６戦術機隊,第536战术机队,TDA00??,TDA00 baseline: ruby_term
第５３６戦術歩行戦闘機隊,第536战术步行战斗机队,TDA00??,TDA00 baseline: kanji_place_or_military_org
艦隊,舰队,TDA00??,TDA00 baseline: kanji_place_or_military_org
通信可能全域部隊,通信范围内全体部队,TDA00??,TDA00 baseline: kanji_place_or_military_org
騎兵隊,骑兵队,TDA00??,TDA00 baseline: kanji_place_or_military_org
オール・バスターズ,破坏者全机,TDA00??,TDA00 baseline: katakana_callsign_or_unit
レイジング・バスターズ,狂怒破坏者队,TDA00??,TDA00 baseline: ruby_reading_katakana
アイ・マム,是，长官,TDA00??,TDA00 baseline: katakana_foreign_word
ウェルカム・ホーム,欢迎回家,TDA00??,TDA00 baseline: katakana_foreign_word
カレン・グラーノ,卡伦·格拉诺,TDA00??,TDA00 baseline: katakana_foreign_word
コード８１１,代码811,TDA00??,TDA00 baseline: katakana_foreign_word
ジーン・カミンスキー,吉恩·卡明斯基,TDA00??,TDA00 baseline: katakana_foreign_word
ステーション,站位,TDA00??,TDA00 baseline: katakana_foreign_word
デニス・モンロー,丹尼斯·门罗,TDA00??,TDA00 baseline: katakana_foreign_word
ビッグマム・コンビ,Big Mom组合,TDA00??,TDA00 baseline: katakana_foreign_word
ビッグ・マム２,Big Mom 2号,TDA00??,TDA00 baseline: katakana_foreign_word
ピクニック・プラン,野餐计划,TDA00??,TDA00 baseline: katakana_foreign_word
モン・サン・ミシェル,圣米歇尔山,TDA00??,TDA00 baseline: katakana_foreign_word
グラハム・ローゼンバーグ,格雷厄姆·罗森伯格,TDA00??,TDA00 baseline: katakana_military_or_foreign
ブラディ・ナイトメア,血色噩梦,TDA00??,TDA00 baseline: ruby_reading_katakana
レナード・ヴァンゴーア,伦纳德·梵高尔,TDA00??,TDA00 baseline: katakana_military_or_foreign
ローカルデータベース,本地数据库,TDA00??,TDA00 baseline: katakana_military_or_foreign
ダリル・ザ・ビッグマム・マクマナス,达里尔·“Big Mom”·麦克马纳斯,TDA00??,TDA00 baseline: katakana_person
ダリル・Ａ・マクマナス,达里尔·A·麦克马纳斯,TDA00??,TDA00 baseline: katakana_person
リリア・シェル,莉莉娅·谢尔,TDA00??,TDA00 baseline: katakana_person
ケネディ・ホテル,肯尼迪旅馆,TDA00??,TDA00 baseline: katakana_ship_or_codename
ビッグ・ケネディ,大肯尼迪,TDA00??,TDA00 baseline: ruby_reading_katakana
ホテル・ケネディ,肯尼迪旅馆,TDA00??,TDA00 baseline: katakana_ship_or_codename
アテンション・オン・デック,全员立正,TDA00??,TDA00 baseline: ruby_reading_katakana
インペリアル,帝国,TDA00??,TDA00 baseline: ruby_reading_katakana
ウチ,我方/本舰,TDA00??,TDA00 baseline: ruby_reading_katakana
クリーン・アメリカンズ,纯正美国人,TDA00??,TDA00 baseline: ruby_reading_katakana
グランド・オーシャン・スライド,大海崩,TDA00??,TDA00 baseline: ruby_reading_katakana
ジェーン・ドゥ,无名女尸,TDA00??,TDA00 baseline: ruby_reading_katakana
スーパーホーネット,超级大黄蜂,TDA00??,TDA00 baseline: ruby_reading_katakana
デストロイヤー,驱逐舰,TDA00??,TDA00 baseline: ruby_reading_katakana
トップヘビー,头重脚轻,TDA00??,TDA00 baseline: ruby_reading_katakana
パワーダイブ,动力俯冲,TDA00??,TDA00 baseline: ruby_reading_katakana
ビンゴ・フュエル,返航燃料,TDA00??,TDA00 baseline: ruby_reading_katakana
フネ,船,TDA00??,TDA00 baseline: ruby_reading_katakana
ブラック・ナイヴス・ドント・クイット,黑刃永不放弃,TDA00??,TDA00 baseline: ruby_reading_katakana
ボデイバッグ,尸袋,TDA00??,TDA00 baseline: ruby_reading_katakana
レーザー,激光,TDA00??,TDA00 baseline: ruby_reading_katakana
あなたたち,你们,TDA00??,TDA00 baseline: ruby_term
かもしれない,也许,TDA00??,TDA00 baseline: ruby_term
これからも,今后也,TDA00??,TDA00 baseline: ruby_term
そんなの必要ない,不需要那种东西,TDA00??,TDA00 baseline: ruby_term
まだ,还,TDA00??,TDA00 baseline: ruby_term
体重,体重,TDA00??,TDA00 baseline: ruby_term
俺たちは皆,我们所有人,TDA00??,TDA00 baseline: ruby_term
光線,激光,TDA00??,TDA00 baseline: ruby_term
到着予想時刻,预计到达时间,TDA00??,TDA00 baseline: ruby_term
動力降下,动力俯冲,TDA00??,TDA00 batch005: ruby パワーダイブ confirms power dive
名無しの死体,无名尸体,TDA00??,TDA00 baseline: ruby_term
大海崩,大海崩,TDA00??,TDA00 baseline: ruby_term
孤島,孤岛,TDA00??,TDA00 baseline: ruby_term
帰投可能推進剤残量,返航燃料余量,TDA00??,TDA00 baseline: ruby_term
性能のいい,性能好的,TDA00??,TDA00 baseline: ruby_term
捷報,捷报,TDA00??,TDA00 baseline: ruby_term
日本帝国,日本帝国,TDA00??,TDA00 baseline: ruby_term
未帰還,未归还,TDA00??,TDA00 baseline: ruby_term
本来の隊長,原本的队长,TDA00??,TDA00 baseline: ruby_term
正純米国主義,纯正美国主义,TDA00??,TDA00 baseline: ruby_term
死体も出ない,连尸体都找不到,TDA00??,TDA00 baseline: ruby_term
死体袋,尸袋,TDA00??,TDA00 baseline: ruby_term
母艦,母舰,TDA00??,TDA00 baseline: ruby_term
母艦自体,母舰本身,TDA00??,TDA00 baseline: ruby_term
汚れ,污垢,TDA00??,TDA00 baseline: ruby_term
注意を怠るな,不得疏忽警戒,TDA00??,TDA00 baseline: ruby_term
海兵第３１８戦術機隊,海军陆战队第318战术机队,TDA00??,TDA00 baseline: ruby_term
海兵隊第３１８戦術機隊,海军陆战队第318战术机队,TDA00??,TDA00 baseline: ruby_term
物資,物资,TDA00??,TDA00 baseline: ruby_term
特技,特长,TDA00??,TDA00 baseline: ruby_term
状況に鑑み,鉴于情况,TDA00??,TDA00 baseline: ruby_term
生涯忠誠,终身忠诚,TDA00??,TDA00 baseline: ruby_term
相棒,搭档,TDA00??,TDA00 baseline: ruby_term
突撃,突击,TDA00??,TDA00 baseline: ruby_term
第３１８戦術機隊は諦めない,第318战术机队绝不放弃,TDA00??,TDA00 baseline: ruby_term
総員気をつけ,全员立正,TDA00??,TDA00 baseline: ruby_term
西洋風の名前をつけてまで,甚至取了西式名字,TDA00??,TDA00 baseline: ruby_term
認識票,身份牌,TDA00??,TDA00 baseline: ruby_term
誰かが,有人,TDA00??,TDA00 baseline: ruby_term
識別票,识别牌,TDA00??,TDA00 baseline: ruby_term
輸送任務,运输任务,TDA00??,TDA00 baseline: ruby_term
近接兵器,近接武器,TDA00??,TDA00 baseline: ruby_term
選択肢,选项,TDA00??,TDA00 baseline: ruby_term
重くても,再重也,TDA00??,TDA00 baseline: ruby_term
頭でっかち,头重脚轻,TDA00??,TDA00 baseline: ruby_term
２機分隊行動,双机分队行动,TDA00??,TDA00 baseline: ruby_term
９６日が経ちました,已经过了96天,TDA00??,TDA00 baseline: ruby_term
ウィル・リリア,威尔·莉莉娅,TDA00??,TDA00 baseline: speaker_table_name
オールストン准将,奥尔斯顿准将,TDA00??,TDA00 baseline: speaker_table_name
テイラー大将,泰勒大将,TDA00??,TDA00 baseline: speaker_table_name
マクマナス中尉,麦克马纳斯中尉,TDA00??,TDA00 baseline: speaker_table_name
整備兵,整备兵,TDA00??,TDA00 baseline: speaker_table_name
航海長,航海长,TDA00??,TDA00 baseline: speaker_table_name
軍医,军医,TDA00??,TDA00 baseline: speaker_table_name
ＪＦＫオペレーター,JFK操作员,TDA00??,TDA00 baseline: speaker_table_name
ＪＦＫオペレーター１,JFK操作员1,TDA00??,TDA00 baseline: speaker_table_name
ＪＦＫオペレーター２,JFK操作员2,TDA00??,TDA00 baseline: speaker_table_name
デポ方式,补给站方式,TDA00术语,TDA00 batch004/005: depot supply point method
ウィル坊,小威尔,TDA00昵称,Daryl/Melvina nickname for Will; fixed by user review
