マブラヴ	Muv-Luv
Muv-Luv	Muv-Luv
Muv Luv	Muv-Luv
マブラヴ オルタネイティヴ	Muv-Luv Alternative
Muv-Luv Alternative	Muv-Luv Alternative
Muv-Luv Unlimited	Muv-Luv Unlimited
Muv-Luv Extra	Muv-Luv Extra
マブラヴ アンリミテッド ザ・デイアフター	Muv-Luv Unlimited The Day After
Muv-Luv Unlimited The Day After	Muv-Luv Unlimited The Day After
The Day After	The Day After
マブラヴ レゾネイティヴ	Muv-Luv Resonative
Muv-Luv Resonative	Muv-Luv Resonative
マブラヴ インテグレート	Muv-Luv INTEGRATE
Muv-Luv INTEGRATE	Muv-Luv INTEGRATE
トータル・イクリプス	Total Eclipse
Total Eclipse	Total Eclipse
シュヴァルツェスマーケン	Schwarzesmarken
Schwarzesmarken	Schwarzesmarken
ユーロフロント	Euro Front
Euro Front	Euro Front
フォトンフラワーズ	Photonflowers
Photonflowers	Photonflowers
フォトンメロディーズ	Photonmelodies
Photonmelodies	Photonmelodies
マブラヴ サプリメント	Muv-Luv Supplement
Muv-Luv Supplement	Muv-Luv Supplement
マブラヴ オルタードフェイブル	Muv-Luv Altered Fable
Muv-Luv Altered Fable	Muv-Luv Altered Fable
Muv-Luv Alternative Chronicles	Muv-Luv Alternative Chronicles
マブラヴ オルタネイティヴ クロニクルズ	Muv-Luv Alternative Chronicles
Muv-Luv Dimensions	Muv-Luv Dimensions
マブラヴ ディメンションズ	Muv-Luv Dimensions
Immortals: Muv-Luv Alternative	Immortals: Muv-Luv Alternative
Muv-Luv Alternative: Strike Frontier	Muv-Luv Alternative: Strike Frontier
Muv-Luv Alternative Strike Frontier	Muv-Luv Alternative: Strike Frontier
Muv-Luv Duelist	Muv-Luv Duelist
マブラヴ デュエリスト	Muv-Luv Duelist
RumblingAngel	RumblingAngel
ランブリングエンジェル	RumblingAngel
君が望む永遠	你所期望的永远
Kimi ga Nozomu Eien	你所期望的永远
アカネマニアックス	Akane Maniax
Akane Maniax	Akane Maniax
白銀武	白银武
白银武	白银武
Takeru Shirogane	白银武
Shirogane Takeru	白银武
Takeru	武
鑑純夏	鉴纯夏
鉴纯夏	鉴纯夏
Sumika Kagami	鉴纯夏
Kagami Sumika	鉴纯夏
Sumika	纯夏
御剣冥夜	御剑冥夜
御劍冥夜	御剑冥夜
御剑冥夜	御剑冥夜
Meiya Mitsurugi	御剑冥夜
Mitsurugi Meiya	御剑冥夜
Meiya	冥夜
榊千鶴	榊千鹤
榊千鹤	榊千鹤
Chizuru Sakaki	榊千鹤
Sakaki Chizuru	榊千鹤
Chizuru	千鹤
彩峰慧	彩峰慧
Kei Ayamine	彩峰慧
Ayamine Kei	彩峰慧
Kei	慧
珠瀬壬姫	珠濑壬姬
珠瀨壬姫	珠濑壬姬
珠濑壬姬	珠濑壬姬
Miki Tamase	珠濑壬姬
Tamase Miki	珠濑壬姬
Miki	壬姬
鎧衣尊人	铠衣尊人
铠衣尊人	铠衣尊人
Mikoto Yoroi	铠衣尊人
Yoroi Mikoto	铠衣尊人
鎧衣美琴	铠衣美琴
铠衣美琴	铠衣美琴
神宮司まりも	神宫司麻理茉
神宫司麻理茂	神宫司麻理茉
Marimo Jinguuji	神宫司麻理茉
Marimo Jinguji	神宫司麻理茉
Jinguuji Marimo	神宫司麻理茉
香月夕呼	香月夕呼
Yuuko Kouzuki	香月夕呼
Yuko Kouzuki	香月夕呼
Kouzuki Yuuko	香月夕呼
Kouzuki Yuko	香月夕呼
Kouduki Yuuko	香月夕呼
社霞	社霞
Kasumi Yashiro	社霞
Yashiro Kasumi	社霞
月詠真那	月咏真那
月咏真那	月咏真那
Mana Tsukuyomi	月咏真那
Tsukuyomi Mana	月咏真那
伊隅みちる	伊隅美知留
伊隅美知留	伊隅美知留
Michiru Isumi	伊隅美知留
Isumi Michiru	伊隅美知留
速瀬水月	速濑水月
速濑水月	速濑水月
Mitsuki Hayase	速濑水月
Hayase Mitsuki	速濑水月
涼宮遙	凉宫遥
涼宮遥	凉宫遥
凉宫遥	凉宫遥
Haruka Suzumiya	凉宫遥
Suzumiya Haruka	凉宫遥
涼宮茜	凉宫茜
凉宫茜	凉宫茜
Akane Suzumiya	凉宫茜
Suzumiya Akane	凉宫茜
宗像美冴	宗像美冴
Misae Munakata	宗像美冴
Munakata Misae	宗像美冴
風間祷子	风间祷子
风间祷子	风间祷子
Touko Kazama	风间祷子
Toko Kazama	风间祷子
Kazama Touko	风间祷子
柏木晴子	柏木晴子
Haruko Kashiwagi	柏木晴子
Kashiwagi Haruko	柏木晴子
沙霧尚哉	沙雾尚哉
沙雾尚哉	沙雾尚哉
Naoya Sagiri	沙雾尚哉
Sagiri Naoya	沙雾尚哉
珠瀬玄丞斎	珠濑玄丞斋
珠濑玄丞斋	珠濑玄丞斋
玄丞斎	玄丞斋
Genjousai Tamase	珠濑玄丞斋
Genjosai Tamase	珠濑玄丞斋
御剣悠陽	御剑悠阳
御劍悠陽	御剑悠阳
御剑悠阳	御剑悠阳
Yuuhi Mitsurugi	御剑悠阳
Yuhi Mitsurugi	御剑悠阳
Mitsurugi Yuuhi	御剑悠阳
煌武院悠陽	煌武院悠阳
煌武院悠阳	煌武院悠阳
Yuuhi Koubuin	煌武院悠阳
Yuhi Koubuin	煌武院悠阳
悠陽	悠阳
甲斐志摩子	甲斐志摩子
Shimako Kai	甲斐志摩子
ピアティフ	皮亚蒂夫
Piattif	皮亚蒂夫
Paul Radhabinod	保罗·拉达比诺德
ラダビノッド	拉达比诺德
パウル・ラダビノッド	保罗·拉达比诺德
ウォーケン	沃肯
Alfred Walken	阿尔弗雷德·沃肯
アルフレッド・ウォーケン	阿尔弗雷德·沃肯
イルマ・テスレフ	伊尔玛·特斯莱夫
Irma Thesleff	伊尔玛·特斯莱夫
ユウヤ・ブリッジス	勇哉·布里吉斯
Yuuya Bridges	勇哉·布里吉斯
Yuya Bridges	勇哉·布里吉斯
Bridges Yuuya	勇哉·布里吉斯
篁唯依	篁唯依
Yui Takamura	篁唯依
Takamura Yui	篁唯依
ヴィンセント・ローウェル	文森特·洛厄尔
Vincent Lowell	文森特·洛厄尔
タリサ・マナンダル	塔莉莎·玛南戴尔
Tarisa Manandal	塔莉莎·玛南戴尔
ステラ・ブレーメル	斯黛拉·布雷默
Stella Bremer	斯黛拉·布雷默
ヴァレリオ・ジアコーザ	瓦莱里奥·贾科萨
Valerio Giacosa	瓦莱里奥·贾科萨
イブラヒム・ドゥール	易卜拉欣·多古鲁
Ibrahim Dogulu	易卜拉欣·多古鲁
Ibrahim Doğulu	易卜拉欣·多古鲁
クリスカ・ビャーチェノワ	克丽斯嘉·比亚切诺娃
Cryska Barchenowa	克丽斯嘉·比亚切诺娃
Kryska Barchenowa	克丽斯嘉·比亚切诺娃
イーニァ・シェスチナ	伊妮亚·谢斯季娜
Inia Sestina	伊妮亚·谢斯季娜
崔亦菲	崔亦菲
Cui Yifei	崔亦菲
レオン・クゼ	莱昂·久世
Leon Kuze	莱昂·久世
シャロン・エイム	莎伦·艾姆
Sharon Heim	莎伦·艾姆
フィカーツィア・ラトロワ	菲卡齐娅·拉托洛娃
Fikatsia Latrova	菲卡齐娅·拉托洛娃
Latrova	拉托洛娃
ナスターシャ・イヴァノワ	娜斯塔莎·伊万诺娃
Natasha Ivanova	娜斯塔莎·伊万诺娃
エッジ・サンダーク	艾吉·桑达克
Edge Sandaku	艾吉·桑达克
リダ・カナレス	莉达·卡纳雷斯
Lida Canales	莉达·卡纳雷斯
フランク・ハイネマン	弗兰克·海涅曼
Frank Heinemann	弗兰克·海涅曼
フィービー・テオドラキス	菲比·西奥多拉基斯
Phoebe Theodorakis	菲比·西奥多拉基斯
ニラム・ラワヌナンド	尼拉姆·拉瓦努南德
Niram Lawanunando	尼拉姆·拉瓦努南德
イーニァ	伊妮亚
クリスカ	克丽斯嘉
篁祐唯	篁祐唯
Eiji Iwaya	岩谷荣二
岩谷榮二	岩谷荣二
岩谷栄二	岩谷荣二
山城上総	山城上总
山城上總	山城上总
Kazusa Yamashiro	山城上总
能登和泉	能登和泉
Izumi Noto	能登和泉
石見安芸	石见安艺
石見安藝	石见安艺
Aki Iwami	石见安艺
テオドール・エーベルバッハ	提奥多尔·艾伯巴赫
Theodor Eberbach	提奥多尔·艾伯巴赫
Theodor	提奥多尔
アイリスディーナ・ベルンハルト	爱丽丝蒂娜·伯恩哈德
Irisdina Bernhard	爱丽丝蒂娜·伯恩哈德
Irisdina	爱丽丝蒂娜
カティア・ヴァルトハイム	卡蒂娅·瓦尔德海姆
Katia Waldheim	卡蒂娅·瓦尔德海姆
Katia	卡蒂娅
リィズ・ホーエンシュタイン	丽姿·霍恩施泰因
Lise Hohenstein	丽姿·霍恩施泰因
Lise	丽姿
グレーテル・イェッケルン	格蕾特尔·耶克伦
Gretel Jeckeln	格蕾特尔·耶克伦
アネット・ホーゼンフェルト	阿妮特·霍森菲尔德
Anett Hosenfeld	阿妮特·霍森菲尔德
ファム・ティ・ラン	范氏兰
Pham Thi Rang	范氏兰
シルヴィア・クシャシンスカ	西尔维娅·克谢辛斯卡娅
Sylvia Kschessinska	西尔维娅·克谢辛斯卡娅
キルケ・シュタインホフ	基尔克·施泰因霍夫
Kirke Steinhoff	基尔克·施泰因霍夫
ベアトリクス・ブレーメ	贝娅特丽克丝·布雷默
Beatrix Brehme	贝娅特丽克丝·布雷默
ハインツ・アクスマン	海因茨·阿克斯曼
Heinz Axmann	海因茨·阿克斯曼
ヴァルター・クリューガー	瓦尔特·克鲁格
Walther Kruger	瓦尔特·克鲁格
ウォルター・クリューガー	瓦尔特·克鲁格
Inghild Bronikowski	英希尔德·布罗尼科夫斯基
イングヒルト・ブロニコフスキー	英希尔德·布罗尼科夫斯基
小沢悠	小泽悠
小澤悠	小泽悠
Yuu Ozawa	小泽悠
Tatsunami Hibiki	龙浪响
龍浪響	龙浪响
雫	雫
リリア・シェルベリ	莉莉娅·谢尔贝里
Lilia Kjellberg	莉莉娅·谢尔贝里
戦術歩行戦闘機	战术机
戦術機	战术机
戰術機	战术机
Tactical Surface Fighter	战术机
TSF	战术机
衛士	卫士
Eishi	卫士
Surface Pilot	卫士
BETA	BETA
Beings of the Extra Terrestrial origin which is Adversary of human race	BETA
ハイヴ	HIVE
HIVE	HIVE
Hive	HIVE
オリジナルハイヴ	原始HIVE
Original Hive	原始HIVE
佐渡島ハイヴ	佐渡岛HIVE
Sado Hive	佐渡岛HIVE
横浜基地	横滨基地
Yokohama Base	横滨基地
柊町	柊町
Hiiragi	柊町
国連軍	联合国军
UN Forces	联合国军
United Nations Forces	联合国军
帝国軍	帝国军
Imperial Army	帝国军
帝国斯衛軍	帝国斯卫军
帝国斯卫军	帝国斯卫军
Imperial Royal Guard	帝国斯卫军
斯衛軍	斯卫军
斯卫军	斯卫军
日本帝国	日本帝国
Empire of Japan	日本帝国
米国	美国
ソ連	苏联
Soviet Union	苏联
東ドイツ	东德
East Germany	东德
ドイツ民主共和国	德意志民主共和国
German Democratic Republic	德意志民主共和国
国家人民軍	国家人民军
National People's Army	国家人民军
シュタージ	史塔西
Stasi	史塔西
KGB	KGB
Alternative IV	Alternative IV 计划
Alternative 4	Alternative IV 计划
オルタネイティヴIV	Alternative IV 计划
オルタネイティヴ4	Alternative IV 计划
Alternative V	Alternative V 计划
Alternative 5	Alternative V 计划
オルタネイティヴV	Alternative V 计划
オルタネイティヴ5	Alternative V 计划
桜花作戦	樱花作战
櫻花作戰	樱花作战
Operation Ouka	樱花作战
Operation Cherry Blossom	樱花作战
甲21号作戦	甲21号作战
甲21号作战	甲21号作战
Operation 21st	甲21号作战
錬鉄作戦	炼铁作战
炼铁作战	炼铁作战
Operation Lucifer	路西法作战
ルシファー作戦	路西法作战
A-01	A-01
伊隅ヴァルキリーズ	伊隅女武神
Isumi Valkyries	伊隅女武神
Valkyries	女武神
207衛士訓練小隊	207卫士训练小队
207th TSF Training Squadron	207卫士训练小队
横浜基地防衛戦	横滨基地防卫战
Yokohama Base Defense	横滨基地防卫战
XFJ計画	XFJ计划
XFJ Project	XFJ计划
プロジェクト・プロミネンス	PROMINENCE计划
Project PROMINENCE	PROMINENCE计划
PROMINENCE	PROMINENCE
アルゴス試験小隊	阿尔戈斯试验小队
Argos Test Flight	阿尔戈斯试验小队
Argos Flight	阿尔戈斯小队
イーダル試験小隊	伊达尔试验小队
Idar Test Flight	伊达尔试验小队
Zhar Battalion	Zhar营
ジャール大隊	Zhar营
第666戦術機中隊	第666战术机中队
666th TSF Squadron	第666战术机中队
黒の宣告	黑之宣告
光線級	光线级
Laser Class	光线级
重光線級	重光线级
Heavy Laser Class	重光线级
要塞級	要塞级
Fort Class	要塞级
突撃級	突击级
Destroyer Class	突击级
要撃級	要击级
Grappler Class	要击级
戦車級	战车级
Tank Class	战车级
闘士級	斗士级
Warrior Class	斗士级
兵士級	兵士级
Soldier Class	兵士级
小型種	小型种
Small Species	小型种
大型種	大型种
Large Species	大型种
母艦級	母舰级
Carrier Class	母舰级
G元素	G元素
G-Element	G元素
G弾	G弹
G-Bomb	G弹
G Bomb	G弹
ラザフォード場	拉瑟福场
Rutherford Field	拉瑟福场
重力偏差	重力偏差
Gravity Deviation	重力偏差
凄乃皇	凄乃皇
凄乃皇・弐型	凄乃皇二型
凄乃皇・四型	凄乃皇四型
Susano-O	凄乃皇
Susanoo	凄乃皇
XG-70	XG-70 凄乃皇
XG-70d	XG-70d 凄乃皇四型
不知火	不知火
Shiranui	不知火
不知火・弐型	不知火二型
Shiranui Second	不知火二型
XFJ-01a	XFJ-01a 不知火二型
武御雷	武御雷
Takemikazuchi	武御雷
Type-00	00式 武御雷
00式	00式
吹雪	吹雪
Fubuki	吹雪
撃震	击震
擊震	击震
Gekishin	击震
瑞鶴	瑞鹤
瑞鹤	瑞鹤
Zuikaku	瑞鹤
陽炎	阳炎
阳炎	阳炎
Kagerou	阳炎
月虹	月虹
Gekkou	月虹
F-4 Phantom	F-4 鬼怪
F-4J Gekishin	F-4J 击震
F-5 Freedom Fighter	F-5 自由斗士
F-14 Tomcat	F-14 雄猫
F-15 Eagle	F-15 鹰
F-15J	F-15J 阳炎
F-15E Strike Eagle	F-15E 攻击鹰
F-15 ACTV	F-15 ACTV
F-16 Fighting Falcon	F-16 战隼
F/A-18 Hornet	F/A-18 大黄蜂
F-22A Raptor	F-22A 猛禽
F-35 Lightning II	F-35 闪电II
A-10 Thunderbolt II	A-10 雷电II
EF-2000 Typhoon	EF-2000 台风
Typhoon	台风
Rafale	阵风
Gripen	鹰狮
Tornado ADV	龙卷风ADV
Su-27	Su-27
Su-37 Terminator	Su-37 终结者
Su-47 Berkut	Su-47 金雕
MiG-21 Balalaika	MiG-21 巴拉莱卡
MiG-23 Cheburashka	MiG-23 切布拉什卡
MiG-27 Aligator	MiG-27 短吻鳄
MiG-29OVT Falcrum	MiG-29OVT 支点
MiG-29 Fulcrum	MiG-29 支点
ラプター	猛禽
Raptor	猛禽
ラーストチカ	拉斯托奇卡
Lastochka	拉斯托奇卡
チェルミナートル	终结者
Terminator	终结者
ビェールクト	金雕
Berkut	金雕
バラライカ	巴拉莱卡
Balalaika	巴拉莱卡
チェブラーシカ	切布拉什卡
Cheburashka	切布拉什卡
カシュガル	喀什噶尔
Kashgar	喀什噶尔
火星	火星
Mars	火星
月面	月面
Moon	月球
ユーコン基地	育空基地
Yukon Base	育空基地
ユーコン	育空
Yukon	育空
カムチャツカ	堪察加
Kamchatka	堪察加
佐渡島	佐渡岛
Sado Island	佐渡岛
明星作戦	明星作战
明星作戰	明星作战
Operation Myojou	明星作战
明星	明星
桜花	樱花
因果導体	因果导体
Causality Conductor	因果导体
量子電導脳	量子导电脑
Quantum Conductive Brain	量子导电脑
並列処理装置	并行处理装置
Parallel Processing Unit	并行处理装置
鑑純夏00ユニット	鉴纯夏00单元
00ユニット	00单元
00 Unit	00单元
OS	OS
XM3	XM3
EXAM	EXAM
近接長刀	近接长刀
Type-74 PB Blade	74式近接长刀
突撃砲	突击炮
Assault Cannon	突击炮
長刀	长刀
Naginata	长刀
短刀	短刀
Knife	短刀
跳躍ユニット	跳跃单元
Jump Unit	跳跃单元
跳躍装置	跳跃装置
飛行ユニット	飞行单元
国連横浜基地	联合国横滨基地
UN Yokohama Base	联合国横滨基地
白陵大付属柊学園	白陵大附属柊学园
Hakuryo High School	白陵大附属柊学园
白陵	白陵
月詠 真那	月咏真那
月詠 真耶	月咏真耶
鎧衣 左近	铠衣左近
鎧衣左近	铠衣左近
煌武院 悠陽	煌武院悠阳
小沢 久彌	小泽久弥
小沢久彌	小泽久弥
小澤久彌	小泽久弥
安倍 智彦	安倍智彦
安倍智彦	安倍智彦
斑鳩 崇継	斑鸠崇继
斑鳩崇継	斑鸠崇继
蓮川	莲川
山城 上総	山城上总
甲斐 志摩子	甲斐志摩子
石見 安芸	石见安艺
能登 和泉	能登和泉
崇宰 恭子	崇宰恭子
崇宰恭子	崇宰恭子
如月 佳織	如月佳织
如月佳織	如月佳织
真田 晃蔵	真田晃藏
真田晃蔵	真田晃藏
斉藤 貴子	齐藤贵子
斉藤貴子	齐藤贵子
巌谷 榮二	岩谷荣二
巌谷榮二	岩谷荣二
篁 祐唯	篁祐唯
篁 栴納	篁栴纳
篁栴納	篁栴纳
His Excellency	阁下
Kanchou	舰长
艦長	舰长
BETA Strains	BETA种类
Strains	种类
Warrior-class	斗士级
Soldier-Class	兵士级
Soldier-class	兵士级
Tank-Class	战车级
Tank-class	战车级
Laser-Class	光线级
Laser-class	光线级
Heavy Laser-Class	重光线级
Heavy Laser-class	重光线级
Grappler-Class	要击级
Grappler-class	要击级
Destroyer-Class	突击级
Destroyer-class	突击级
Fort-Class	要塞级
Fort-class	要塞级
Carrier-Class	母舰级
Carrier-class	母舰级
Megaworm	巨型蠕虫
The Superior	上位存在
Superior	上位存在
上位存在	上位存在
Target A	A号目标
あ号標的	A号目标
A-gou hyouteki	A号目标
Hive Reactor	HIVE反应炉
Reactor	反应炉
Barrier	屏障
Laser Fort-Class	光线要塞级
Hammerhead-Class	锤头级
Siliconians	硅基生命体
Creators	创造主
Creator	创造主
創造主	创造主
Haiburu	海布鲁
List of BETA Hives	BETA HIVE列表
Hive 01	HIVE 01
Hive 02	HIVE 02
Hive 03	HIVE 03
Hive 04	HIVE 04
Hive 05	HIVE 05
Hive 06	HIVE 06
Hive 07	HIVE 07
Hive 08	HIVE 08
Hive 09	HIVE 09
Hive 10	HIVE 10
Hive 11	HIVE 11
Hive 12	HIVE 12
Hive 13	HIVE 13
Hive 14	HIVE 14
Hive 15	HIVE 15
Hive 16	HIVE 16
Hive 17	HIVE 17
Hive 18	HIVE 18
Hive 19	HIVE 19
Hive 20	HIVE 20
Hive 21	HIVE 21
Hive 22	HIVE 22
Hive 23	HIVE 23
Hive 24	HIVE 24
Hive 25	HIVE 25
Hive 26	HIVE 26
Primary Objective	首要目标
Objective 21	21号目标
Kashgar Hive	喀什噶尔HIVE
Mashhad Hive	马什哈德HIVE
Ural'sk Hive	乌拉尔斯克HIVE
Velsk Hive	韦尔斯克HIVE
Minsk Hive	明斯克HIVE
Ekibastuz Hive	埃基巴斯图兹HIVE
Surgut Hive	苏尔古特HIVE
Rovaniemi Hive	罗瓦涅米HIVE
Anbar Hive	安巴尔HIVE
Al Anbar Hive	安巴尔HIVE
Noginsk Hive	诺金斯克HIVE
Budapest Hive	布达佩斯HIVE
Lyons Hive	里昂HIVE
Bhopal Hive	博帕尔HIVE
Dunhuang Hive	敦煌HIVE
Krasnoyarsk Hive	克拉斯诺亚尔斯克HIVE
Chongqing Hive	重庆HIVE
Mandalay Hive	曼德勒HIVE
Ulan Bator Hive	乌兰巴托HIVE
Blagoveshchensk Hive	布拉戈维申斯克HIVE
Cheorwon Hive	铁原HIVE
Sadogashima Hive	佐渡岛HIVE
Yokohama Hive	横滨HIVE
Olyokminsk Hive	奥廖克明斯克HIVE
Khatanga Hive	哈坦加HIVE
Verkhoyansk Hive	维尔霍扬斯克HIVE
Evensk Hive	埃文斯克HIVE
Main Shaft	主轴
Stab	突刺部
Core Unit	核心单元
Hive Core	HIVE核心
Main Core Chamber	主核心室
Andaman Base	安达曼基地
Arashiyama Supply Base	岚山补给基地
Dover Base	多佛基地
JFK Naval Garrison Base	JFK海军驻屯基地
Mont Saint-Michel Fortress	圣米歇尔山要塞
Petropavlovsk-Kamchatsky Base	彼得罗巴甫洛夫斯克-堪察加基地
Riga planet Waskaran	里加行星瓦斯卡兰
Ros Alamos	罗斯阿拉莫斯
Los Alamos	洛斯阿拉莫斯
That Tree on the hill behind Hakuryou	白陵后山那棵树
Hakuryou	白陵
United Nations Force Bases	联合国军基地
ЇИ-series Frontline Bases	ЇИ系列前线基地
ЇИ-04 Frontline Supply Base	ЇИ-04前线补给基地
Seattle	西雅图
Defence of Seattle	西雅图防卫战
Defense of Seattle	西雅图防卫战
Seattle Defense	西雅图防卫战
12/5 Incident	12·5事件
December 5th Incident	12·5事件
8th Border War	第8次边境战争
Athabasca Incident	阿萨巴斯卡事件
BETA Invasion of Japan	BETA入侵日本
Blue Flag	蓝旗演习
Defence of Yokohama Base	横滨基地防卫战
Defense of Yokohama Base	横滨基地防卫战
Evensk Hive Operation	埃文斯克HIVE攻略作战
First Lunar War	第一次月面战争
Invasion of Niigata	新潟入侵
JFK Hive Operation	JFK HIVE攻略作战
Operation Hongqi	红旗作战
Operation Neptune	海王星作战
Operation Palaiologos	巴列奥略作战
Operation Sledgehammer	大锤作战
Operation Swaraj	斯瓦拉吉作战
Yokohama Base Incident	横滨基地事件
Yukon Base Incident	育空基地事件
ЇИ-04 Frontline Supply Base Incident	ЇИ-04前线补给基地事件
Phoenix Initiative	凤凰倡议
Polnoye Zatmeniye Plan	Polnoye Zatmeniye计划
Red Shift	红移
ATSF Program	ATSF计划
Advanced Tactical Surface Fighter	先进战术机
Hi-MAERF Project	Hi-MAERF计划
Hi-MAERF	Hi-MAERF
Volk Data	沃尔克数据
13th Tactical Dragoon Regiment	第13战术龙骑兵团
16th Guard Battalion	第16近卫大队
19th Independent Guard Flight	第19独立近卫小队
1st Tactical Armor Regiment	第1战术机甲联队
207th Training Unit	207训练部队
211 Batal'on Zhar	第211 Zhar大队
331st Special Experimental Development Squadron	第331特殊实验开发中队
3rd Guard Battalion	第3近卫大队
414th Ghosts Platoon	第414幽灵小队
43rd Guards Tactical Armored Division	第43近卫战术装甲师
51st Tactical Armor Battalion Huckebein	第51战术装甲大队Huckebein
65th Combat Training Battalion	第65战斗训练大队
666th Schwarzesmarken TSF Squadron	第666 Schwarzesmarken战术机中队
66th Tactical Armored Battalion	第66战术装甲大队
Bao-Feng Test Flight	暴风试验小队
Delta Force	三角洲部队
Fuji Tactical Fighter Training Group	富士战术机训练团
JA44 Zerberus Battalion	JA44刻耳柏洛斯大队
Rain Dancers Squadron	雨舞者中队
Special Task Force A-01	特殊任务部队A-01
STF A-01	特殊任务部队A-01
VF-103 Jolly Rogers	VF-103快乐罗杰斯
VMF-318 Black Knives	VMF-318黑刀
Wardog Squadron	战犬小队
Werewolf Battalion	狼人营
TSF Unit Organization	战术机部队编制
Tactical Armor	战术装甲
Tactical Armored	战术装甲
Tactical Dragoon	战术龙骑兵
Flight	小队
Squadron	中队
Battalion	大队
Regiment	团
Division	师
Platoon	小队
A-6 Intruder	A-6 入侵者
A-6 イントルーダー	A-6 入侵者
Intruder	入侵者
A-12 Avenger	A-12 复仇者
A-12 アヴェンジャー	A-12 复仇者
Avenger	复仇者
F-11 Tiger	F-11 虎
F-11 タイガー	F-11 虎
F-18 Hornet	F-18 大黄蜂
F-18 ホーネット	F-18 大黄蜂
F-47 Ishkur	F-47 伊什库尔
F-47 イシュクル	F-47 伊什库尔
Ishkur	伊什库尔
X-29	X-29
X-32	X-32
XF-108 Rapier	XF-108 刺剑
XF-108 レイピア	XF-108 刺剑
Rapier	刺剑
J-10	J-10
殲撃10型	歼击10型
殲撃十型	歼击十型
XF-2000a Typhon	XF-2000a 堤丰
Typhon	堤丰
Lavi	狮式
ラビ	狮式
J-35 Draken	J-35 龙
ドラケン	龙
Draken	龙
JA-37 Viggen	JA-37 雷
ビゲン	雷
Viggen	雷
JAS-39 Gripen	JAS-39 鹰狮
グリペン	鹰狮
Mirage 2000	幻影2000
ミラージュ2000	幻影2000
ミラージュ	幻影
ラファール	阵风
Type-00 Takemikazuchi	00式 武御雷
Type-04 Shiranui Second	04式 不知火二型
04式 不知火・弐型	04式 不知火二型
Type-14 Shouki	14式 翔骑
Type-14 Shoki	14式 翔骑
14式	14式
翔騎	翔骑
Type-82/F-4J Kai Zuikaku	82式/F-4J改 瑞鹤
F-4J Kai Zuikaku	F-4J改 瑞鹤
F-4J改 瑞鶴	F-4J改 瑞鹤
Type-94 Shiranui	94式 不知火
94式 不知火	94式 不知火
Type-94-1C Shiranui Type-1C	94式-1C 不知火1C型
Shiranui Type-1C	不知火1C型
Type-97 Fubuki	97式 吹雪
97式 吹雪	97式 吹雪
BETA TSF	BETA战术机
Me101P Fenrir	Me101P 芬里尔
Fenrir	芬里尔
フェンリル	芬里尔
MiG-25 Spirt-Voz	MiG-25 斯皮尔特-沃兹
Spirt-Voz	斯皮尔特-沃兹
MiG-27 Alligator	MiG-27 短吻鳄
Alligator	短吻鳄
MiG-29 Lastochka	MiG-29 拉斯托奇卡
MiG-29OVT Fulcrum	MiG-29OVT 支点
MiG-31 Plamya-Lisa	MiG-31 火狐
Plamya-Lisa	火狐
Project 1.42/1.44	1.42/1.44计划机
Su-11	Su-11
Su-15	Su-15
Su-27 Zhuravlik	Su-27 小鹤
Zhuravlik	小鹤
ズラヴリク	小鹤
Tactical Surface Attacker	战术攻击机
TSA	战术攻击机
Carrier-Based Fighters	舰载战术机
Close-Combat Fighters	近战战术机
Heavy Fighters	重型战术机
Hive-Infiltration Fighters	HIVE突入战术机
Lightweight Fighters	轻型战术机
Multirole Fighters	多用途战术机
Prototype and Demonstrator TSFs	原型/验证战术机
Stealth Enabled Fighters	隐身战术机
Tactical Surface Attackers	战术攻击机
TSF Armaments	战术机武装
TSF Components	战术机组件
1200mm Over the Horizon CANNON	1200mm超视距炮
Over the Horizon CANNON	超视距炮
Close Combat Dagger	近战短刀
EML-99X Electromagnetic Induction Launcher	EML-99X 电磁感应发射器
Electromagnetic Induction Launcher	电磁感应发射器
Fixed Armament	固定武装
Melee Halberd	近战戟
Missile Container	导弹集装箱
S-11 SD-SYSTEM	S-11自毁系统
S-11 Device	S-11装置
S-11デバイス	S-11装置
S-11	S-11
Supplemental Armor	追加装甲
Mount Pylon	挂架
Jump Unit Engine List	跳跃单元引擎列表
Fortified Suit	强化装备服
Feedback Interface	反馈接口
TSF Control Unit	战术机控制单元
Pilot Systems	驾驶系统
Control Unit	控制单元
Loadout Options	挂载选项
8 Minutes of Death	死亡8分钟
Aircraft	航空器
Bombers	轰炸机
Drones	无人机
Rotary-Wing Aircraft	旋翼机
Transport Aircraft	运输机
Artifical Biochemical Substance	人工生化物质
Artificial Biochemical Substance	人工生化物质
Cybernetics	控制论
G-17b Hercules	G-17b 赫拉克勒斯
Hercules	赫拉克勒斯
Land Vehicles	陆上载具
Armored Vehicles	装甲车辆
Artillery	火炮
Bipedal Units	二足步行单位
Lunar Units	月面单位
Main Battle Tanks	主战坦克
Support Vehicles	支援车辆
Military Codes	军事代号
Moorcock-Lechte Drive	莫考克-莱希特驱动
Naval Ships	舰船
Assault Ships	强袭舰
Carriers	航母
Submarines	潜艇
Support Ships	支援舰
Warships	军舰
Re-entry Shell	再入壳
Small Arms	轻武器
Spacecraft	航天器
Orbital Installations	轨道设施
HSST	HSST
HSSTs	HSST
super-carbon	超碳素
Super Carbon	超碳素
Mohs scale	莫氏硬度
G-Technology	G技术
G Technology	G技术
G-Bombs	G弹
G Elements	G元素
Espers	超能力者
Esper	超能力者
Esper Technology	超能力者技术
Esper Control Pod	超能力者控制舱
Nastroyka Effect	纳斯特罗伊卡效应
Prafka	普拉芙卡
Нэмезида	涅墨西斯
Polnoye Zatmeniye	Polnoye Zatmeniye
TSF Manufacturers	战术机制造商
Aero Jet	Aero Jet
Boening	波宁
Dass-Ault	达索
Euro Fightas	欧洲战斗机公司
Firechild	火童
Fugaku Heavy Industries	富岳重工
General Dynomics	通用动力
General Electronics	通用电气
Grunnan	格鲁曼
IEI	IEI
Kawazaki	川崎
Lockweed	洛克威德
Lockweed Mardin	洛克威德·马丁
Markin-Berger	马金-伯格
McDaell Doglam	麦克戴尔·道格拉姆
Mikoyam Guluvich	米高扬·格鲁维奇
Mitsuhishi Heavy Industries	三菱重工
North Americana	北美航空
Northrock	诺斯洛克
Northrock Grunnan	诺斯洛克·格鲁曼
Onda	本田
Pratts & Witney	普拉特・惠特尼
SAAG	SAAG
Sufoni	苏霍尼
United States Army	美国陆军
US Army	美国陆军
US Marine Corps	美国海军陆战队
US Navy	美国海军
Japanese Imperial Army	日本帝国陆军
Mainland Defence Force	本土防卫军
Mainland Defense Force	本土防卫军
Royal Guard	斯卫军
Imperial Guard	斯卫军
UN Army	联合国陆军
UN Navy	联合国海军
UN Space Force	联合国宇宙军
TDA00	TDA00
TDA01	TDA01
TDA02	TDA02
TDA03	TDA03
episode:00	episode:00
episode:01	episode:01
episode:02	episode:02
episode:03	episode:03
Episode 00	Episode 00
Episode 01	Episode 01
Episode 02	Episode 02
Episode 03	Episode 03
The Day	The Day
Operation Babylon	巴比伦作战
バビロン作戦	巴比伦作战
大規模重力偏差	大规模重力偏差
salt plains	盐原
塩の荒野	盐之荒野
South Pacific	南太平洋
シアトル	西雅图
タコマ	塔科马
Tacoma	塔科马
Seattle Imperial Lease Territory	西雅图帝国租借地
シアトル帝国租借地	西雅图帝国租借地
食料生産プラント	食料生产工厂
food production plant	食料生产工厂
JFK	JFK
John F. Kennedy	约翰·F·肯尼迪
ジョン・F・ケネディ	约翰·F·肯尼迪
TSF carrier	战术机母舰
戦術機母艦	战术机母舰
Orbital Diver	轨道降下兵
Orbital Divers	轨道降下兵团
軌道降下兵団	轨道降下兵团
Wilbert D. Collins	威尔伯特·D·柯林斯
Wilbert Collins	威尔伯特·柯林斯
ウィルバート・D・コリンズ	威尔伯特·D·柯林斯
Daryl A. McManus	达里尔·A·麦克马纳斯
Daryl McManus	达里尔·麦克马纳斯
ダリル・A・マクマナス	达里尔·A·麦克马纳斯
Melvina Vidya Advani	梅尔维娜·维迪娅·阿德瓦尼
Melvina Advani	梅尔维娜·阿德瓦尼
メルヴィナ・ヴィディヤ・アドヴァニ	梅尔维娜·维迪娅·阿德瓦尼
George Alston	乔治·奥尔斯顿
ジョージ・オールストン	乔治·奥尔斯顿
Commodore Alston	奥尔斯顿准将
Lilia	莉莉娅
龍浪 響	龙浪响
Hibiki Tatsunami	龙浪响
Hibiki	响
千堂 柚香	千堂柚香
千堂柚香	千堂柚香
Sendou Yuzuka	千堂柚香
Sendo Yuzuka	千堂柚香
Yuzuka Sendou	千堂柚香
Yuzuka Sendo	千堂柚香
Yuzuka	柚香
エレン・エイス	艾伦·艾斯
Ellen Aice	艾伦·艾斯
Ellen	艾伦
Josette Danbellecoux	乔赛特·丹贝勒库
ジョゼット・ダンベルクー	乔赛特·丹贝勒库
美桜乃 雫	美樱乃雫
美桜乃雫	美樱乃雫
Miono Shizuku	美樱乃雫
Shizuku Miono	美樱乃雫
Shizuku	雫
松風 諒一	松风谅一
松風諒一	松风谅一
Matsukaze Ryouichi	松风谅一
Ryoichi Matsukaze	松风谅一
Matsukaze Ryoichi	松风谅一
楠本 さやか	楠本沙也加
楠本さやか	楠本沙也加
Kusumoto Sayaka	楠本沙也加
Sayaka Kusumoto	楠本沙也加
大上 律子	大上律子
大上律子	大上律子
Ogami Ritsuko	大上律子
Ritsuko Ogami	大上律子
駒木咲代子	驹木咲代子
Komaki Sayoko	驹木咲代子
Asagi	浅葱
Ichiro	一郎
Rea Geguran	蕾娅·盖克兰
リア・ゲグラン	蕾娅·盖克兰
Bernadette Le Tigre De La Rivière	贝尔纳黛特·勒蒂格雷·德·拉·里维埃尔
Bernadette Le Tigre De La Riviere	贝尔纳黛特·勒蒂格雷·德·拉·里维埃尔
Bernadette	贝尔纳黛特
ベルナデット・ル・ティグレ・ド・ラ・リヴィエール	贝尔纳黛特·勒蒂格雷·德·拉·里维埃尔
Derek Ironside	德里克·艾恩赛德
デレク・アイアンサイド	德里克·艾恩赛德
Wardogs	战犬小队
Wardog	战犬
ウォードッグ	战犬
第17小隊	第17小队
17th Flight	第17小队
Crane	鹤
クレイン	鹤
Hunters	猎人
ハンター	猎人
Black Knives	黑刀
ブラック・ナイヴス	黑刃
第1戦術機甲連隊	第1战术机甲联队
第1大隊	第1大队
1st Battalion	第1大队
第2大隊	第2大队
2nd Battalion	第2大队
第1後方支援連隊	第1后方支援联队
1st Rear Support Battalion	第1后方支援大队
IJMDF	帝国海军陆战队
Muv-Luv photonflowers*	Muv-Luv photonflowers*
Muv-Luv photonflowers	Muv-Luv photonflowers*
photonflowers*	photonflowers*
photonflowers	photonflowers*
Muv-Luv photonmelodies♮	Muv-Luv photonmelodies♮
Muv-Luv photonmelodies	Muv-Luv photonmelodies♮
photonmelodies♮	photonmelodies♮
photonmelodies	photonmelodies♮
Before the Cherry Blossoms Bloom	樱花盛开之前
Before the Sakura Trees Bloom	樱花树盛开之前
Before the Cherry Blossoms Bloom ~Muv-Luv After Episode~	樱花盛开之前 ~Muv-Luv After Episode~
Muv-Luv After Episode	Muv-Luv After Episode
Muv-Luv Heroine Short Story Collection	Muv-Luv女主角短篇集
Atonement	赎罪
贖罪	赎罪
Rain Dancers	雨舞者
レイン・ダンサーズ	雨舞者
Confessions	告白
Confession	告白
告白	告白
Chicken Divers	小鸡潜降兵
チキン・ダイバーズ	小鸡潜降兵
Inheritance	继承
Succession	继承
継承	继承
Adoration	憧憬
Resurrection	复活
Before the Shimmering Time Ends	闪耀时光结束之前
A Shimmering Shard of Spacetime	闪耀的时空碎片
Altered Fable	Altered Fable
Final Extra	Final Extra
Faraway Dawn	遥远的黎明
Muv-Luv Alternative Faraway Dawn	Muv-Luv Alternative 遥远的黎明
遠すぎた夜明け	遥远的黎明
Ayu-Mayu Alternative	Ayu-Mayu Alternative
Ayu-Mayu Gekijou	Ayu-Mayu剧场
Henri Gietzen	亨利·吉岑
アンリ・ギーツェン	亨利·吉岑
Rina Tervo	莉娜·泰尔沃
リナ・テルヴォ	莉娜·泰尔沃
Axel Björker	阿克塞尔·比约克
Axel Bjorker	阿克塞尔·比约克
アクセル・ビョルケル	阿克塞尔·比约克
Monica Giacosa	莫妮卡·贾科萨
モニカ・ジアコーザ	莫妮卡·贾科萨
Hugh Winston	休·温斯顿
ヒュー・ウィンストン	休·温斯顿
Raphael Begnini	拉斐尔·贝尼尼
ラファエル・ベニーニ	拉斐尔·贝尼尼
Makabe Seijyurou	真壁清十郎
Makabe Seijuro	真壁清十郎
真壁清十郎	真壁清十郎
Ilfriede von Feulner	伊尔弗里德·冯·福伊尔纳
イルフリーデ・フォン・フォイルナー	伊尔弗里德·冯·福伊尔纳
Helgarose von Falkenmayer	赫尔加罗泽·冯·法尔肯迈尔
ヘルガローゼ・フォン・ファルケンマイヤー	赫尔加罗泽·冯·法尔肯迈尔
Lunateresia von Witzleben	露娜特蕾西亚·冯·维茨莱本
ルナテレジア・フォン・ヴィッツレーベン	露娜特蕾西亚·冯·维茨莱本
Wilfried von Aichberger	威尔弗里德·冯·艾希贝格
ヴィルフリート・フォン・アイヒベルガー	威尔弗里德·冯·艾希贝格
Sigelinde von Fahrenhorst	西格琳德·冯·法伦霍斯特
ジークリンデ・フォン・ファーレンホルスト	西格琳德·冯·法伦霍斯特
Gerhard von Ralerstein	格哈德·冯·拉勒施泰因
ゲルハルト・フォン・ラーラーシュタイン	格哈德·冯·拉勒施泰因
Brigitte von Wästernach	布丽吉特·冯·韦斯特纳赫
Brigitte von Wasternach	布丽吉特·冯·韦斯特纳赫
ブリギッテ・フォン・ヴェスターナッハ	布丽吉特·冯·韦斯特纳赫
Wolfgang von Brauer	沃尔夫冈·冯·布劳尔
ヴォルフガング・フォン・ブラウアー	沃尔夫冈·冯·布劳尔
Silvio Orlandi	西尔维奥·奥兰迪
シルヴィオ・オルランディ	西尔维奥·奥兰迪
Kouzuki Motoko	香月元子
Kozuki Motoko	香月元子
香月元子	香月元子
Isumi Akira	伊隅明
伊隅あきら	伊隅明
伊隅明	伊隅明
Isumi Marika	伊隅麻里香
伊隅まりか	伊隅麻里香
伊隅麻里香	伊隅麻里香
Isumi Yayoi	伊隅弥生
伊隅やよい	伊隅弥生
伊隅弥生	伊隅弥生
Nanase Rin	七濑凛
七瀬凛	七濑凛
Nanase	七濑
七瀬	七濑
Kamiya	神谷
神谷	神谷
Kabira	加比拉
Mitarai	御手洗
Hidaka	日高
Oosaki	大崎
Kanda	神田
Usui	臼井
Lt. Tatsunami Hibiki	龙浪响中尉
Lieutenant Tatsunami Hibiki	龙浪响中尉
Tatsunami Hibiki, Lt.	龙浪响中尉
龍浪 響 中尉	龙浪响中尉
龍浪響 中尉	龙浪响中尉
龍浪中尉	龙浪中尉
Lt. Hibiki	龙浪响中尉
Hibiki, Lt.	龙浪响中尉
2nd Lt. Sendo Yuzuka	千堂柚香少尉
2nd Lt. Sendou Yuzuka	千堂柚香少尉
Second Lieutenant Sendo Yuzuka	千堂柚香少尉
Second Lieutenant Sendou Yuzuka	千堂柚香少尉
千堂 柚香 少尉	千堂柚香少尉
千堂柚香 少尉	千堂柚香少尉
千堂少尉	千堂少尉
2nd Lt. Yuzuka	千堂柚香少尉
2nd Lt. Ellen Aice	艾伦·艾斯少尉
Second Lieutenant Ellen Aice	艾伦·艾斯少尉
エレン・エイス 少尉	艾伦·艾斯少尉
エレン少尉	艾伦少尉
2nd Lt. Ellen	艾伦·艾斯少尉
2nd Lt. Shizuku Miono	美樱乃雫少尉
2nd Lt. Miono Shizuku	美樱乃雫少尉
Second Lieutenant Shizuku Miono	美樱乃雫少尉
美桜乃 雫 少尉	美樱乃雫少尉
美桜乃雫 少尉	美樱乃雫少尉
美桜乃少尉	美樱乃少尉
2nd Lt. Shizuku	美樱乃雫少尉
Major Jinguuji Marimo	神宫司麻理茉少佐
Major Jinguji Marimo	神宫司麻理茉少佐
Maj. Jinguuji Marimo	神宫司麻理茉少佐
Maj. Jinguji Marimo	神宫司麻理茉少佐
神宮司 まりも 少佐	神宫司麻理茂少佐
神宮司まりも 少佐	神宫司麻理茂少佐
神宮司少佐	神宫司少佐
Sergeant Jinguuji	神宫司军曹
Sergeant Jinguji	神宫司军曹
Lt. Matsukaze Ryoichi	松风谅一中尉
Lt. Matsukaze Ryouichi	松风谅一中尉
Lieutenant Matsukaze Ryoichi	松风谅一中尉
松風 諒一 中尉	松风谅一中尉
松風諒一 中尉	松风谅一中尉
Sergeant Kusumoto Sayaka	楠本沙也加军曹
Sgt. Kusumoto Sayaka	楠本沙也加军曹
楠本 さやか 軍曹	楠本沙也加军曹
楠本さやか 軍曹	楠本沙也加军曹
Major Alfred Walken	阿尔弗雷德·沃肯少佐
Maj. Alfred Walken	阿尔弗雷德·沃肯少佐
アルフレッド・ウォーケン 少佐	阿尔弗雷德·沃肯少佐
ウォーケン 少佐	沃肯少佐
ウォーケン少佐	沃肯少佐
Lt. Lilia Kjellberg	莉莉娅·谢尔贝里中尉
Lieutenant Lilia Kjellberg	莉莉娅·谢尔贝里中尉
リリア・シェルベリ 中尉	莉莉娅·谢尔贝里中尉
リリア中尉	莉莉娅中尉
Lt. Ogami Ritsuko	大上律子中尉
Lt. Ritsuko Ogami	大上律子中尉
Lieutenant Ritsuko Ogami	大上律子中尉
大上 律子 中尉	大上律子中尉
大上律子 中尉	大上律子中尉
2nd Lt. Wilbert D. Collins	威尔伯特·D·柯林斯少尉
Second Lieutenant Wilbert D. Collins	威尔伯特·D·柯林斯少尉
米国海兵隊少尉ウィルバート・D・コリンズ	美国海军陆战队少尉威尔伯特·D·柯林斯
Commodore George Alston	乔治·奥尔斯顿准将
Captain Isumi	伊隅美知留大尉
Capt. Isumi	伊隅美知留大尉
Captain Michiru Isumi	伊隅美知留大尉
Capt. Michiru Isumi	伊隅美知留大尉
Lieutenant Sendo Yuzuka	千堂柚香少尉
Lt. Sendo Yuzuka	千堂柚香少尉
2nd Lieutenant Sendo Yuzuka	千堂柚香少尉
Lieutenant Ellen Aice	艾伦·艾斯少尉
Lt. Ellen Aice	艾伦·艾斯少尉
2nd Lieutenant Ellen Aice	艾伦·艾斯少尉
Lieutenant Miono Shizuku	美樱乃雫少尉
Lt. Miono Shizuku	美樱乃雫少尉
Second Lieutenant Miono Shizuku	美樱乃雫少尉
2nd Lieutenant Miono Shizuku	美樱乃雫少尉
Maj. Jinguuji	神宫司少佐
Major Jinguuji	神宫司少佐
Tatsunami Hibiki Lt.	龙浪响中尉
Tatsunami Hibiki, Lieutenant	龙浪响中尉
Tatsunami Hibiki Lieutenant	龙浪响中尉
First Lieutenant Tatsunami Hibiki	龙浪响中尉
Tatsunami Hibiki, First Lieutenant	龙浪响中尉
Tatsunami Hibiki First Lieutenant	龙浪响中尉
Lt. Hibiki Tatsunami	龙浪响中尉
Hibiki Tatsunami, Lt.	龙浪响中尉
Hibiki Tatsunami Lt.	龙浪响中尉
Lieutenant Hibiki Tatsunami	龙浪响中尉
Hibiki Tatsunami, Lieutenant	龙浪响中尉
Hibiki Tatsunami Lieutenant	龙浪响中尉
First Lieutenant Hibiki Tatsunami	龙浪响中尉
Hibiki Tatsunami, First Lieutenant	龙浪响中尉
Hibiki Tatsunami First Lieutenant	龙浪响中尉
Hibiki Lt.	龙浪响中尉
Lieutenant Hibiki	龙浪响中尉
Hibiki, Lieutenant	龙浪响中尉
Hibiki Lieutenant	龙浪响中尉
First Lieutenant Hibiki	龙浪响中尉
Hibiki, First Lieutenant	龙浪响中尉
Hibiki First Lieutenant	龙浪响中尉
Lt. 龍浪響	龙浪响中尉
龍浪響, Lt.	龙浪响中尉
龍浪響 Lt.	龙浪响中尉
Lieutenant 龍浪響	龙浪响中尉
龍浪響, Lieutenant	龙浪响中尉
龍浪響 Lieutenant	龙浪响中尉
First Lieutenant 龍浪響	龙浪响中尉
龍浪響, First Lieutenant	龙浪响中尉
龍浪響 First Lieutenant	龙浪响中尉
Lt. 龙浪响	龙浪响中尉
龙浪响, Lt.	龙浪响中尉
龙浪响 Lt.	龙浪响中尉
Lieutenant 龙浪响	龙浪响中尉
龙浪响, Lieutenant	龙浪响中尉
龙浪响 Lieutenant	龙浪响中尉
First Lieutenant 龙浪响	龙浪响中尉
龙浪响, First Lieutenant	龙浪响中尉
龙浪响 First Lieutenant	龙浪响中尉
中尉Tatsunami Hibiki	龙浪响中尉
Tatsunami Hibiki中尉	龙浪响中尉
中尉Hibiki Tatsunami	龙浪响中尉
Hibiki Tatsunami中尉	龙浪响中尉
中尉Hibiki	龙浪响中尉
Hibiki中尉	龙浪响中尉
中尉龍浪響	龙浪响中尉
龍浪響中尉	龙浪响中尉
中尉龙浪响	龙浪响中尉
龙浪响中尉	龙浪响中尉
Sendo Yuzuka, 2nd Lt.	千堂柚香少尉
Sendo Yuzuka 2nd Lt.	千堂柚香少尉
Sendo Yuzuka, Second Lieutenant	千堂柚香少尉
Sendo Yuzuka Second Lieutenant	千堂柚香少尉
Sendo Yuzuka, 2nd Lieutenant	千堂柚香少尉
Sendo Yuzuka 2nd Lieutenant	千堂柚香少尉
Sendo Yuzuka, Lt.	千堂柚香少尉
Sendo Yuzuka Lt.	千堂柚香少尉
Sendo Yuzuka, Lieutenant	千堂柚香少尉
Sendo Yuzuka Lieutenant	千堂柚香少尉
Sendou Yuzuka, 2nd Lt.	千堂柚香少尉
Sendou Yuzuka 2nd Lt.	千堂柚香少尉
Sendou Yuzuka, Second Lieutenant	千堂柚香少尉
Sendou Yuzuka Second Lieutenant	千堂柚香少尉
2nd Lieutenant Sendou Yuzuka	千堂柚香少尉
Sendou Yuzuka, 2nd Lieutenant	千堂柚香少尉
Sendou Yuzuka 2nd Lieutenant	千堂柚香少尉
Lt. Sendou Yuzuka	千堂柚香少尉
Sendou Yuzuka, Lt.	千堂柚香少尉
Sendou Yuzuka Lt.	千堂柚香少尉
Lieutenant Sendou Yuzuka	千堂柚香少尉
Sendou Yuzuka, Lieutenant	千堂柚香少尉
Sendou Yuzuka Lieutenant	千堂柚香少尉
2nd Lt. Yuzuka Sendo	千堂柚香少尉
Yuzuka Sendo, 2nd Lt.	千堂柚香少尉
Yuzuka Sendo 2nd Lt.	千堂柚香少尉
Second Lieutenant Yuzuka Sendo	千堂柚香少尉
Yuzuka Sendo, Second Lieutenant	千堂柚香少尉
Yuzuka Sendo Second Lieutenant	千堂柚香少尉
2nd Lieutenant Yuzuka Sendo	千堂柚香少尉
Yuzuka Sendo, 2nd Lieutenant	千堂柚香少尉
Yuzuka Sendo 2nd Lieutenant	千堂柚香少尉
Lt. Yuzuka Sendo	千堂柚香少尉
Yuzuka Sendo, Lt.	千堂柚香少尉
Yuzuka Sendo Lt.	千堂柚香少尉
Lieutenant Yuzuka Sendo	千堂柚香少尉
Yuzuka Sendo, Lieutenant	千堂柚香少尉
Yuzuka Sendo Lieutenant	千堂柚香少尉
2nd Lt. Yuzuka Sendou	千堂柚香少尉
Yuzuka Sendou, 2nd Lt.	千堂柚香少尉
Yuzuka Sendou 2nd Lt.	千堂柚香少尉
Second Lieutenant Yuzuka Sendou	千堂柚香少尉
Yuzuka Sendou, Second Lieutenant	千堂柚香少尉
Yuzuka Sendou Second Lieutenant	千堂柚香少尉
2nd Lieutenant Yuzuka Sendou	千堂柚香少尉
Yuzuka Sendou, 2nd Lieutenant	千堂柚香少尉
Yuzuka Sendou 2nd Lieutenant	千堂柚香少尉
Lt. Yuzuka Sendou	千堂柚香少尉
Yuzuka Sendou, Lt.	千堂柚香少尉
Yuzuka Sendou Lt.	千堂柚香少尉
Lieutenant Yuzuka Sendou	千堂柚香少尉
Yuzuka Sendou, Lieutenant	千堂柚香少尉
Yuzuka Sendou Lieutenant	千堂柚香少尉
Yuzuka, 2nd Lt.	千堂柚香少尉
Yuzuka 2nd Lt.	千堂柚香少尉
Second Lieutenant Yuzuka	千堂柚香少尉
Yuzuka, Second Lieutenant	千堂柚香少尉
Yuzuka Second Lieutenant	千堂柚香少尉
2nd Lieutenant Yuzuka	千堂柚香少尉
Yuzuka, 2nd Lieutenant	千堂柚香少尉
Yuzuka 2nd Lieutenant	千堂柚香少尉
Lt. Yuzuka	千堂柚香少尉
Yuzuka, Lt.	千堂柚香少尉
Yuzuka Lt.	千堂柚香少尉
Lieutenant Yuzuka	千堂柚香少尉
Yuzuka, Lieutenant	千堂柚香少尉
Yuzuka Lieutenant	千堂柚香少尉
2nd Lt. 千堂 柚香	千堂柚香少尉
千堂 柚香, 2nd Lt.	千堂柚香少尉
千堂 柚香 2nd Lt.	千堂柚香少尉
Second Lieutenant 千堂 柚香	千堂柚香少尉
千堂 柚香, Second Lieutenant	千堂柚香少尉
千堂 柚香 Second Lieutenant	千堂柚香少尉
2nd Lieutenant 千堂 柚香	千堂柚香少尉
千堂 柚香, 2nd Lieutenant	千堂柚香少尉
千堂 柚香 2nd Lieutenant	千堂柚香少尉
Lt. 千堂 柚香	千堂柚香少尉
千堂 柚香, Lt.	千堂柚香少尉
千堂 柚香 Lt.	千堂柚香少尉
Lieutenant 千堂 柚香	千堂柚香少尉
千堂 柚香, Lieutenant	千堂柚香少尉
千堂 柚香 Lieutenant	千堂柚香少尉
2nd Lt. 千堂柚香	千堂柚香少尉
千堂柚香, 2nd Lt.	千堂柚香少尉
千堂柚香 2nd Lt.	千堂柚香少尉
Second Lieutenant 千堂柚香	千堂柚香少尉
千堂柚香, Second Lieutenant	千堂柚香少尉
千堂柚香 Second Lieutenant	千堂柚香少尉
2nd Lieutenant 千堂柚香	千堂柚香少尉
千堂柚香, 2nd Lieutenant	千堂柚香少尉
千堂柚香 2nd Lieutenant	千堂柚香少尉
Lt. 千堂柚香	千堂柚香少尉
千堂柚香, Lt.	千堂柚香少尉
千堂柚香 Lt.	千堂柚香少尉
Lieutenant 千堂柚香	千堂柚香少尉
千堂柚香, Lieutenant	千堂柚香少尉
千堂柚香 Lieutenant	千堂柚香少尉
少尉Sendo Yuzuka	千堂柚香少尉
Sendo Yuzuka少尉	千堂柚香少尉
少尉Sendou Yuzuka	千堂柚香少尉
Sendou Yuzuka少尉	千堂柚香少尉
少尉Yuzuka Sendo	千堂柚香少尉
Yuzuka Sendo少尉	千堂柚香少尉
少尉Yuzuka Sendou	千堂柚香少尉
Yuzuka Sendou少尉	千堂柚香少尉
少尉Yuzuka	千堂柚香少尉
Yuzuka少尉	千堂柚香少尉
少尉千堂 柚香	千堂柚香少尉
千堂 柚香少尉	千堂柚香少尉
少尉千堂柚香	千堂柚香少尉
千堂柚香少尉	千堂柚香少尉
Ellen Aice, 2nd Lt.	艾伦·艾斯少尉
Ellen Aice 2nd Lt.	艾伦·艾斯少尉
Ellen Aice, Second Lieutenant	艾伦·艾斯少尉
Ellen Aice Second Lieutenant	艾伦·艾斯少尉
Ellen Aice, 2nd Lieutenant	艾伦·艾斯少尉
Ellen Aice 2nd Lieutenant	艾伦·艾斯少尉
Ellen Aice, Lt.	艾伦·艾斯少尉
Ellen Aice Lt.	艾伦·艾斯少尉
Ellen Aice, Lieutenant	艾伦·艾斯少尉
Ellen Aice Lieutenant	艾伦·艾斯少尉
Ellen, 2nd Lt.	艾伦·艾斯少尉
Ellen 2nd Lt.	艾伦·艾斯少尉
Second Lieutenant Ellen	艾伦·艾斯少尉
Ellen, Second Lieutenant	艾伦·艾斯少尉
Ellen Second Lieutenant	艾伦·艾斯少尉
2nd Lieutenant Ellen	艾伦·艾斯少尉
Ellen, 2nd Lieutenant	艾伦·艾斯少尉
Ellen 2nd Lieutenant	艾伦·艾斯少尉
Lt. Ellen	艾伦·艾斯少尉
Ellen, Lt.	艾伦·艾斯少尉
Ellen Lt.	艾伦·艾斯少尉
Lieutenant Ellen	艾伦·艾斯少尉
Ellen, Lieutenant	艾伦·艾斯少尉
Ellen Lieutenant	艾伦·艾斯少尉
2nd Lt. エレン・エイス	艾伦·艾斯少尉
エレン・エイス, 2nd Lt.	艾伦·艾斯少尉
エレン・エイス 2nd Lt.	艾伦·艾斯少尉
Second Lieutenant エレン・エイス	艾伦·艾斯少尉
エレン・エイス, Second Lieutenant	艾伦·艾斯少尉
エレン・エイス Second Lieutenant	艾伦·艾斯少尉
2nd Lieutenant エレン・エイス	艾伦·艾斯少尉
エレン・エイス, 2nd Lieutenant	艾伦·艾斯少尉
エレン・エイス 2nd Lieutenant	艾伦·艾斯少尉
Lt. エレン・エイス	艾伦·艾斯少尉
エレン・エイス, Lt.	艾伦·艾斯少尉
エレン・エイス Lt.	艾伦·艾斯少尉
Lieutenant エレン・エイス	艾伦·艾斯少尉
エレン・エイス, Lieutenant	艾伦·艾斯少尉
エレン・エイス Lieutenant	艾伦·艾斯少尉
2nd Lt. 艾伦·艾斯	艾伦·艾斯少尉
艾伦·艾斯, 2nd Lt.	艾伦·艾斯少尉
艾伦·艾斯 2nd Lt.	艾伦·艾斯少尉
Second Lieutenant 艾伦·艾斯	艾伦·艾斯少尉
艾伦·艾斯, Second Lieutenant	艾伦·艾斯少尉
艾伦·艾斯 Second Lieutenant	艾伦·艾斯少尉
2nd Lieutenant 艾伦·艾斯	艾伦·艾斯少尉
艾伦·艾斯, 2nd Lieutenant	艾伦·艾斯少尉
艾伦·艾斯 2nd Lieutenant	艾伦·艾斯少尉
Lt. 艾伦·艾斯	艾伦·艾斯少尉
艾伦·艾斯, Lt.	艾伦·艾斯少尉
艾伦·艾斯 Lt.	艾伦·艾斯少尉
Lieutenant 艾伦·艾斯	艾伦·艾斯少尉
艾伦·艾斯, Lieutenant	艾伦·艾斯少尉
艾伦·艾斯 Lieutenant	艾伦·艾斯少尉
少尉Ellen Aice	艾伦·艾斯少尉
Ellen Aice少尉	艾伦·艾斯少尉
少尉Ellen	艾伦·艾斯少尉
Ellen少尉	艾伦·艾斯少尉
少尉エレン・エイス	艾伦·艾斯少尉
エレン・エイス少尉	艾伦·艾斯少尉
少尉艾伦·艾斯	艾伦·艾斯少尉
艾伦·艾斯少尉	艾伦·艾斯少尉
Miono Shizuku, 2nd Lt.	美樱乃雫少尉
Miono Shizuku 2nd Lt.	美樱乃雫少尉
Miono Shizuku, Second Lieutenant	美樱乃雫少尉
Miono Shizuku Second Lieutenant	美樱乃雫少尉
Miono Shizuku, 2nd Lieutenant	美樱乃雫少尉
Miono Shizuku 2nd Lieutenant	美樱乃雫少尉
Miono Shizuku, Lt.	美樱乃雫少尉
Miono Shizuku Lt.	美樱乃雫少尉
Miono Shizuku, Lieutenant	美樱乃雫少尉
Miono Shizuku Lieutenant	美樱乃雫少尉
Shizuku Miono, 2nd Lt.	美樱乃雫少尉
Shizuku Miono 2nd Lt.	美樱乃雫少尉
Shizuku Miono, Second Lieutenant	美樱乃雫少尉
Shizuku Miono Second Lieutenant	美樱乃雫少尉
2nd Lieutenant Shizuku Miono	美樱乃雫少尉
Shizuku Miono, 2nd Lieutenant	美樱乃雫少尉
Shizuku Miono 2nd Lieutenant	美樱乃雫少尉
Lt. Shizuku Miono	美樱乃雫少尉
Shizuku Miono, Lt.	美樱乃雫少尉
Shizuku Miono Lt.	美樱乃雫少尉
Lieutenant Shizuku Miono	美樱乃雫少尉
Shizuku Miono, Lieutenant	美樱乃雫少尉
Shizuku Miono Lieutenant	美樱乃雫少尉
Shizuku, 2nd Lt.	美樱乃雫少尉
Shizuku 2nd Lt.	美樱乃雫少尉
Second Lieutenant Shizuku	美樱乃雫少尉
Shizuku, Second Lieutenant	美樱乃雫少尉
Shizuku Second Lieutenant	美樱乃雫少尉
2nd Lieutenant Shizuku	美樱乃雫少尉
Shizuku, 2nd Lieutenant	美樱乃雫少尉
Shizuku 2nd Lieutenant	美樱乃雫少尉
Lt. Shizuku	美樱乃雫少尉
Shizuku, Lt.	美樱乃雫少尉
Shizuku Lt.	美樱乃雫少尉
Lieutenant Shizuku	美樱乃雫少尉
Shizuku, Lieutenant	美樱乃雫少尉
Shizuku Lieutenant	美樱乃雫少尉
2nd Lt. 美桜乃 雫	美樱乃雫少尉
美桜乃 雫, 2nd Lt.	美樱乃雫少尉
美桜乃 雫 2nd Lt.	美樱乃雫少尉
Second Lieutenant 美桜乃 雫	美樱乃雫少尉
美桜乃 雫, Second Lieutenant	美樱乃雫少尉
美桜乃 雫 Second Lieutenant	美樱乃雫少尉
2nd Lieutenant 美桜乃 雫	美樱乃雫少尉
美桜乃 雫, 2nd Lieutenant	美樱乃雫少尉
美桜乃 雫 2nd Lieutenant	美樱乃雫少尉
Lt. 美桜乃 雫	美樱乃雫少尉
美桜乃 雫, Lt.	美樱乃雫少尉
美桜乃 雫 Lt.	美樱乃雫少尉
Lieutenant 美桜乃 雫	美樱乃雫少尉
美桜乃 雫, Lieutenant	美樱乃雫少尉
美桜乃 雫 Lieutenant	美樱乃雫少尉
2nd Lt. 美桜乃雫	美樱乃雫少尉
美桜乃雫, 2nd Lt.	美樱乃雫少尉
美桜乃雫 2nd Lt.	美樱乃雫少尉
Second Lieutenant 美桜乃雫	美樱乃雫少尉
美桜乃雫, Second Lieutenant	美樱乃雫少尉
美桜乃雫 Second Lieutenant	美樱乃雫少尉
2nd Lieutenant 美桜乃雫	美樱乃雫少尉
美桜乃雫, 2nd Lieutenant	美樱乃雫少尉
美桜乃雫 2nd Lieutenant	美樱乃雫少尉
Lt. 美桜乃雫	美樱乃雫少尉
美桜乃雫, Lt.	美樱乃雫少尉
美桜乃雫 Lt.	美樱乃雫少尉
Lieutenant 美桜乃雫	美樱乃雫少尉
美桜乃雫, Lieutenant	美樱乃雫少尉
美桜乃雫 Lieutenant	美樱乃雫少尉
2nd Lt. 美樱乃雫	美樱乃雫少尉
美樱乃雫, 2nd Lt.	美樱乃雫少尉
美樱乃雫 2nd Lt.	美樱乃雫少尉
Second Lieutenant 美樱乃雫	美樱乃雫少尉
美樱乃雫, Second Lieutenant	美樱乃雫少尉
美樱乃雫 Second Lieutenant	美樱乃雫少尉
2nd Lieutenant 美樱乃雫	美樱乃雫少尉
美樱乃雫, 2nd Lieutenant	美樱乃雫少尉
美樱乃雫 2nd Lieutenant	美樱乃雫少尉
Lt. 美樱乃雫	美樱乃雫少尉
美樱乃雫, Lt.	美樱乃雫少尉
美樱乃雫 Lt.	美樱乃雫少尉
Lieutenant 美樱乃雫	美樱乃雫少尉
美樱乃雫, Lieutenant	美樱乃雫少尉
美樱乃雫 Lieutenant	美樱乃雫少尉
少尉Miono Shizuku	美樱乃雫少尉
Miono Shizuku少尉	美樱乃雫少尉
少尉Shizuku Miono	美樱乃雫少尉
Shizuku Miono少尉	美樱乃雫少尉
少尉Shizuku	美樱乃雫少尉
Shizuku少尉	美樱乃雫少尉
少尉美桜乃 雫	美樱乃雫少尉
美桜乃 雫少尉	美樱乃雫少尉
少尉美桜乃雫	美樱乃雫少尉
美桜乃雫少尉	美樱乃雫少尉
少尉美樱乃雫	美樱乃雫少尉
美樱乃雫少尉	美樱乃雫少尉
Jinguuji Marimo, Maj.	神宫司麻理茉少佐
Jinguuji Marimo Maj.	神宫司麻理茉少佐
Jinguuji Marimo, Major	神宫司麻理茉少佐
Jinguuji Marimo Major	神宫司麻理茉少佐
Jinguji Marimo, Maj.	神宫司麻理茉少佐
Jinguji Marimo Maj.	神宫司麻理茉少佐
Jinguji Marimo, Major	神宫司麻理茉少佐
Jinguji Marimo Major	神宫司麻理茉少佐
Maj. Marimo Jinguuji	神宫司麻理茉少佐
Marimo Jinguuji, Maj.	神宫司麻理茉少佐
Marimo Jinguuji Maj.	神宫司麻理茉少佐
Major Marimo Jinguuji	神宫司麻理茉少佐
Marimo Jinguuji, Major	神宫司麻理茉少佐
Marimo Jinguuji Major	神宫司麻理茉少佐
Maj. Marimo Jinguji	神宫司麻理茉少佐
Marimo Jinguji, Maj.	神宫司麻理茉少佐
Marimo Jinguji Maj.	神宫司麻理茉少佐
Major Marimo Jinguji	神宫司麻理茉少佐
Marimo Jinguji, Major	神宫司麻理茉少佐
Marimo Jinguji Major	神宫司麻理茉少佐
Jinguuji, Maj.	神宫司少佐
Jinguuji Maj.	神宫司少佐
Jinguuji, Major	神宫司少佐
Jinguuji Major	神宫司少佐
Maj. Jinguji	神宫司少佐
Jinguji, Maj.	神宫司少佐
Jinguji Maj.	神宫司少佐
Major Jinguji	神宫司少佐
Jinguji, Major	神宫司少佐
Jinguji Major	神宫司少佐
Maj. 神宮司まりも	神宫司麻理茉少佐
神宮司まりも, Maj.	神宫司麻理茉少佐
神宮司まりも Maj.	神宫司麻理茉少佐
Major 神宮司まりも	神宫司麻理茉少佐
神宮司まりも, Major	神宫司麻理茉少佐
神宮司まりも Major	神宫司麻理茉少佐
Maj. 神宫司麻理茂	神宫司麻理茂少佐
神宫司麻理茂, Maj.	神宫司麻理茂少佐
神宫司麻理茂 Maj.	神宫司麻理茂少佐
Major 神宫司麻理茂	神宫司麻理茂少佐
神宫司麻理茂, Major	神宫司麻理茂少佐
神宫司麻理茂 Major	神宫司麻理茂少佐
少佐Jinguuji Marimo	神宫司麻理茉少佐
Jinguuji Marimo少佐	神宫司麻理茉少佐
少佐Jinguji Marimo	神宫司麻理茉少佐
Jinguji Marimo少佐	神宫司麻理茉少佐
少佐Marimo Jinguuji	神宫司麻理茉少佐
Marimo Jinguuji少佐	神宫司麻理茉少佐
少佐Marimo Jinguji	神宫司麻理茉少佐
Marimo Jinguji少佐	神宫司麻理茉少佐
少佐Jinguuji	神宫司少佐
Jinguuji少佐	神宫司少佐
少佐Jinguji	神宫司少佐
Jinguji少佐	神宫司少佐
少佐神宮司まりも	神宫司麻理茉少佐
神宮司まりも少佐	神宫司麻理茉少佐
少佐神宫司麻理茂	神宫司麻理茂少佐
神宫司麻理茂少佐	神宫司麻理茂少佐
Matsukaze Ryoichi, Lt.	松风谅一中尉
Matsukaze Ryoichi Lt.	松风谅一中尉
Matsukaze Ryoichi, Lieutenant	松风谅一中尉
Matsukaze Ryoichi Lieutenant	松风谅一中尉
First Lieutenant Matsukaze Ryoichi	松风谅一中尉
Matsukaze Ryoichi, First Lieutenant	松风谅一中尉
Matsukaze Ryoichi First Lieutenant	松风谅一中尉
Matsukaze Ryouichi, Lt.	松风谅一中尉
Matsukaze Ryouichi Lt.	松风谅一中尉
Lieutenant Matsukaze Ryouichi	松风谅一中尉
Matsukaze Ryouichi, Lieutenant	松风谅一中尉
Matsukaze Ryouichi Lieutenant	松风谅一中尉
First Lieutenant Matsukaze Ryouichi	松风谅一中尉
Matsukaze Ryouichi, First Lieutenant	松风谅一中尉
Matsukaze Ryouichi First Lieutenant	松风谅一中尉
Lt. Ryoichi Matsukaze	松风谅一中尉
Ryoichi Matsukaze, Lt.	松风谅一中尉
Ryoichi Matsukaze Lt.	松风谅一中尉
Lieutenant Ryoichi Matsukaze	松风谅一中尉
Ryoichi Matsukaze, Lieutenant	松风谅一中尉
Ryoichi Matsukaze Lieutenant	松风谅一中尉
First Lieutenant Ryoichi Matsukaze	松风谅一中尉
Ryoichi Matsukaze, First Lieutenant	松风谅一中尉
Ryoichi Matsukaze First Lieutenant	松风谅一中尉
Lt. 松風諒一	松风谅一中尉
松風諒一, Lt.	松风谅一中尉
松風諒一 Lt.	松风谅一中尉
Lieutenant 松風諒一	松风谅一中尉
松風諒一, Lieutenant	松风谅一中尉
松風諒一 Lieutenant	松风谅一中尉
First Lieutenant 松風諒一	松风谅一中尉
松風諒一, First Lieutenant	松风谅一中尉
松風諒一 First Lieutenant	松风谅一中尉
Lt. 松风谅一	松风谅一中尉
松风谅一, Lt.	松风谅一中尉
松风谅一 Lt.	松风谅一中尉
Lieutenant 松风谅一	松风谅一中尉
松风谅一, Lieutenant	松风谅一中尉
松风谅一 Lieutenant	松风谅一中尉
First Lieutenant 松风谅一	松风谅一中尉
松风谅一, First Lieutenant	松风谅一中尉
松风谅一 First Lieutenant	松风谅一中尉
中尉Matsukaze Ryoichi	松风谅一中尉
Matsukaze Ryoichi中尉	松风谅一中尉
中尉Matsukaze Ryouichi	松风谅一中尉
Matsukaze Ryouichi中尉	松风谅一中尉
中尉Ryoichi Matsukaze	松风谅一中尉
Ryoichi Matsukaze中尉	松风谅一中尉
中尉松風諒一	松风谅一中尉
松風諒一中尉	松风谅一中尉
中尉松风谅一	松风谅一中尉
松风谅一中尉	松风谅一中尉
Kusumoto Sayaka, Sgt.	楠本沙也加军曹
Kusumoto Sayaka Sgt.	楠本沙也加军曹
Kusumoto Sayaka, Sergeant	楠本沙也加军曹
Kusumoto Sayaka Sergeant	楠本沙也加军曹
Sgt. Sayaka Kusumoto	楠本沙也加军曹
Sayaka Kusumoto, Sgt.	楠本沙也加军曹
Sayaka Kusumoto Sgt.	楠本沙也加军曹
Sergeant Sayaka Kusumoto	楠本沙也加军曹
Sayaka Kusumoto, Sergeant	楠本沙也加军曹
Sayaka Kusumoto Sergeant	楠本沙也加军曹
Sgt. 楠本さやか	楠本沙也加军曹
楠本さやか, Sgt.	楠本沙也加军曹
楠本さやか Sgt.	楠本沙也加军曹
Sergeant 楠本さやか	楠本沙也加军曹
楠本さやか, Sergeant	楠本沙也加军曹
楠本さやか Sergeant	楠本沙也加军曹
Sgt. 楠本沙也加	楠本沙也加军曹
楠本沙也加, Sgt.	楠本沙也加军曹
楠本沙也加 Sgt.	楠本沙也加军曹
Sergeant 楠本沙也加	楠本沙也加军曹
楠本沙也加, Sergeant	楠本沙也加军曹
楠本沙也加 Sergeant	楠本沙也加军曹
军曹Kusumoto Sayaka	楠本沙也加军曹
Kusumoto Sayaka军曹	楠本沙也加军曹
军曹Sayaka Kusumoto	楠本沙也加军曹
Sayaka Kusumoto军曹	楠本沙也加军曹
军曹楠本さやか	楠本沙也加军曹
楠本さやか军曹	楠本沙也加军曹
军曹楠本沙也加	楠本沙也加军曹
楠本沙也加军曹	楠本沙也加军曹
Alfred Walken, Maj.	阿尔弗雷德·沃肯少佐
Alfred Walken Maj.	阿尔弗雷德·沃肯少佐
Alfred Walken, Major	阿尔弗雷德·沃肯少佐
Alfred Walken Major	阿尔弗雷德·沃肯少佐
Maj. Walken	阿尔弗雷德·沃肯少佐
Walken, Maj.	阿尔弗雷德·沃肯少佐
Walken Maj.	阿尔弗雷德·沃肯少佐
Major Walken	阿尔弗雷德·沃肯少佐
Walken, Major	阿尔弗雷德·沃肯少佐
Walken Major	阿尔弗雷德·沃肯少佐
Maj. アルフレッド・ウォーケン	阿尔弗雷德·沃肯少佐
アルフレッド・ウォーケン, Maj.	阿尔弗雷德·沃肯少佐
アルフレッド・ウォーケン Maj.	阿尔弗雷德·沃肯少佐
Major アルフレッド・ウォーケン	阿尔弗雷德·沃肯少佐
アルフレッド・ウォーケン, Major	阿尔弗雷德·沃肯少佐
アルフレッド・ウォーケン Major	阿尔弗雷德·沃肯少佐
Maj. 阿尔弗雷德·沃肯	阿尔弗雷德·沃肯少佐
阿尔弗雷德·沃肯, Maj.	阿尔弗雷德·沃肯少佐
阿尔弗雷德·沃肯 Maj.	阿尔弗雷德·沃肯少佐
Major 阿尔弗雷德·沃肯	阿尔弗雷德·沃肯少佐
阿尔弗雷德·沃肯, Major	阿尔弗雷德·沃肯少佐
阿尔弗雷德·沃肯 Major	阿尔弗雷德·沃肯少佐
少佐Alfred Walken	阿尔弗雷德·沃肯少佐
Alfred Walken少佐	阿尔弗雷德·沃肯少佐
少佐Walken	阿尔弗雷德·沃肯少佐
Walken少佐	阿尔弗雷德·沃肯少佐
少佐アルフレッド・ウォーケン	阿尔弗雷德·沃肯少佐
アルフレッド・ウォーケン少佐	阿尔弗雷德·沃肯少佐
少佐阿尔弗雷德·沃肯	阿尔弗雷德·沃肯少佐
阿尔弗雷德·沃肯少佐	阿尔弗雷德·沃肯少佐
Lilia Kjellberg, Lt.	莉莉娅·谢尔贝里中尉
Lilia Kjellberg Lt.	莉莉娅·谢尔贝里中尉
Lilia Kjellberg, Lieutenant	莉莉娅·谢尔贝里中尉
Lilia Kjellberg Lieutenant	莉莉娅·谢尔贝里中尉
First Lieutenant Lilia Kjellberg	莉莉娅·谢尔贝里中尉
Lilia Kjellberg, First Lieutenant	莉莉娅·谢尔贝里中尉
Lilia Kjellberg First Lieutenant	莉莉娅·谢尔贝里中尉
Lt. Lilia	莉莉娅·谢尔贝里中尉
Lilia, Lt.	莉莉娅·谢尔贝里中尉
Lilia Lt.	莉莉娅·谢尔贝里中尉
Lieutenant Lilia	莉莉娅·谢尔贝里中尉
Lilia, Lieutenant	莉莉娅·谢尔贝里中尉
Lilia Lieutenant	莉莉娅·谢尔贝里中尉
First Lieutenant Lilia	莉莉娅·谢尔贝里中尉
Lilia, First Lieutenant	莉莉娅·谢尔贝里中尉
Lilia First Lieutenant	莉莉娅·谢尔贝里中尉
Lt. 莉莉娅·谢尔贝里	莉莉娅·谢尔贝里中尉
莉莉娅·谢尔贝里, Lt.	莉莉娅·谢尔贝里中尉
莉莉娅·谢尔贝里 Lt.	莉莉娅·谢尔贝里中尉
Lieutenant 莉莉娅·谢尔贝里	莉莉娅·谢尔贝里中尉
莉莉娅·谢尔贝里, Lieutenant	莉莉娅·谢尔贝里中尉
莉莉娅·谢尔贝里 Lieutenant	莉莉娅·谢尔贝里中尉
First Lieutenant 莉莉娅·谢尔贝里	莉莉娅·谢尔贝里中尉
莉莉娅·谢尔贝里, First Lieutenant	莉莉娅·谢尔贝里中尉
莉莉娅·谢尔贝里 First Lieutenant	莉莉娅·谢尔贝里中尉
中尉Lilia Kjellberg	莉莉娅·谢尔贝里中尉
Lilia Kjellberg中尉	莉莉娅·谢尔贝里中尉
中尉Lilia	莉莉娅·谢尔贝里中尉
Lilia中尉	莉莉娅·谢尔贝里中尉
中尉莉莉娅·谢尔贝里	莉莉娅·谢尔贝里中尉
莉莉娅·谢尔贝里中尉	莉莉娅·谢尔贝里中尉
Ogami Ritsuko, Lt.	大上律子中尉
Ogami Ritsuko Lt.	大上律子中尉
Lieutenant Ogami Ritsuko	大上律子中尉
Ogami Ritsuko, Lieutenant	大上律子中尉
Ogami Ritsuko Lieutenant	大上律子中尉
First Lieutenant Ogami Ritsuko	大上律子中尉
Ogami Ritsuko, First Lieutenant	大上律子中尉
Ogami Ritsuko First Lieutenant	大上律子中尉
Ritsuko Ogami, Lt.	大上律子中尉
Ritsuko Ogami Lt.	大上律子中尉
Ritsuko Ogami, Lieutenant	大上律子中尉
Ritsuko Ogami Lieutenant	大上律子中尉
First Lieutenant Ritsuko Ogami	大上律子中尉
Ritsuko Ogami, First Lieutenant	大上律子中尉
Ritsuko Ogami First Lieutenant	大上律子中尉
Lt. 大上 律子	大上律子中尉
大上 律子, Lt.	大上律子中尉
大上 律子 Lt.	大上律子中尉
Lieutenant 大上 律子	大上律子中尉
大上 律子, Lieutenant	大上律子中尉
大上 律子 Lieutenant	大上律子中尉
First Lieutenant 大上 律子	大上律子中尉
大上 律子, First Lieutenant	大上律子中尉
大上 律子 First Lieutenant	大上律子中尉
Lt. 大上律子	大上律子中尉
大上律子, Lt.	大上律子中尉
大上律子 Lt.	大上律子中尉
Lieutenant 大上律子	大上律子中尉
大上律子, Lieutenant	大上律子中尉
大上律子 Lieutenant	大上律子中尉
First Lieutenant 大上律子	大上律子中尉
大上律子, First Lieutenant	大上律子中尉
大上律子 First Lieutenant	大上律子中尉
中尉Ogami Ritsuko	大上律子中尉
Ogami Ritsuko中尉	大上律子中尉
中尉Ritsuko Ogami	大上律子中尉
Ritsuko Ogami中尉	大上律子中尉
中尉大上 律子	大上律子中尉
大上 律子中尉	大上律子中尉
中尉大上律子	大上律子中尉
大上律子中尉	大上律子中尉
Wilbert D. Collins, 2nd Lt.	威尔伯特·D·柯林斯少尉
Wilbert D. Collins 2nd Lt.	威尔伯特·D·柯林斯少尉
Wilbert D. Collins, Second Lieutenant	威尔伯特·D·柯林斯少尉
Wilbert D. Collins Second Lieutenant	威尔伯特·D·柯林斯少尉
2nd Lieutenant Wilbert D. Collins	威尔伯特·D·柯林斯少尉
Wilbert D. Collins, 2nd Lieutenant	威尔伯特·D·柯林斯少尉
Wilbert D. Collins 2nd Lieutenant	威尔伯特·D·柯林斯少尉
Lt. Wilbert D. Collins	威尔伯特·D·柯林斯少尉
Wilbert D. Collins, Lt.	威尔伯特·D·柯林斯少尉
Wilbert D. Collins Lt.	威尔伯特·D·柯林斯少尉
Lieutenant Wilbert D. Collins	威尔伯特·D·柯林斯少尉
Wilbert D. Collins, Lieutenant	威尔伯特·D·柯林斯少尉
Wilbert D. Collins Lieutenant	威尔伯特·D·柯林斯少尉
2nd Lt. Wilbert Collins	威尔伯特·D·柯林斯少尉
Wilbert Collins, 2nd Lt.	威尔伯特·D·柯林斯少尉
Wilbert Collins 2nd Lt.	威尔伯特·D·柯林斯少尉
Second Lieutenant Wilbert Collins	威尔伯特·D·柯林斯少尉
Wilbert Collins, Second Lieutenant	威尔伯特·D·柯林斯少尉
Wilbert Collins Second Lieutenant	威尔伯特·D·柯林斯少尉
2nd Lieutenant Wilbert Collins	威尔伯特·D·柯林斯少尉
Wilbert Collins, 2nd Lieutenant	威尔伯特·D·柯林斯少尉
Wilbert Collins 2nd Lieutenant	威尔伯特·D·柯林斯少尉
Lt. Wilbert Collins	威尔伯特·D·柯林斯少尉
Wilbert Collins, Lt.	威尔伯特·D·柯林斯少尉
Wilbert Collins Lt.	威尔伯特·D·柯林斯少尉
Lieutenant Wilbert Collins	威尔伯特·D·柯林斯少尉
Wilbert Collins, Lieutenant	威尔伯特·D·柯林斯少尉
Wilbert Collins Lieutenant	威尔伯特·D·柯林斯少尉
2nd Lt. Collins	威尔伯特·D·柯林斯少尉
Collins, 2nd Lt.	威尔伯特·D·柯林斯少尉
Collins 2nd Lt.	威尔伯特·D·柯林斯少尉
Second Lieutenant Collins	威尔伯特·D·柯林斯少尉
Collins, Second Lieutenant	威尔伯特·D·柯林斯少尉
Collins Second Lieutenant	威尔伯特·D·柯林斯少尉
2nd Lieutenant Collins	威尔伯特·D·柯林斯少尉
Collins, 2nd Lieutenant	威尔伯特·D·柯林斯少尉
Collins 2nd Lieutenant	威尔伯特·D·柯林斯少尉
Lt. Collins	威尔伯特·D·柯林斯少尉
Collins, Lt.	威尔伯特·D·柯林斯少尉
Collins Lt.	威尔伯特·D·柯林斯少尉
Lieutenant Collins	威尔伯特·D·柯林斯少尉
Collins, Lieutenant	威尔伯特·D·柯林斯少尉
Collins Lieutenant	威尔伯特·D·柯林斯少尉
2nd Lt. 威尔伯特·D·柯林斯	威尔伯特·D·柯林斯少尉
威尔伯特·D·柯林斯, 2nd Lt.	威尔伯特·D·柯林斯少尉
威尔伯特·D·柯林斯 2nd Lt.	威尔伯特·D·柯林斯少尉
Second Lieutenant 威尔伯特·D·柯林斯	威尔伯特·D·柯林斯少尉
威尔伯特·D·柯林斯, Second Lieutenant	威尔伯特·D·柯林斯少尉
威尔伯特·D·柯林斯 Second Lieutenant	威尔伯特·D·柯林斯少尉
2nd Lieutenant 威尔伯特·D·柯林斯	威尔伯特·D·柯林斯少尉
威尔伯特·D·柯林斯, 2nd Lieutenant	威尔伯特·D·柯林斯少尉
威尔伯特·D·柯林斯 2nd Lieutenant	威尔伯特·D·柯林斯少尉
Lt. 威尔伯特·D·柯林斯	威尔伯特·D·柯林斯少尉
威尔伯特·D·柯林斯, Lt.	威尔伯特·D·柯林斯少尉
威尔伯特·D·柯林斯 Lt.	威尔伯特·D·柯林斯少尉
Lieutenant 威尔伯特·D·柯林斯	威尔伯特·D·柯林斯少尉
威尔伯特·D·柯林斯, Lieutenant	威尔伯特·D·柯林斯少尉
威尔伯特·D·柯林斯 Lieutenant	威尔伯特·D·柯林斯少尉
少尉Wilbert D. Collins	威尔伯特·D·柯林斯少尉
Wilbert D. Collins少尉	威尔伯特·D·柯林斯少尉
少尉Wilbert Collins	威尔伯特·D·柯林斯少尉
Wilbert Collins少尉	威尔伯特·D·柯林斯少尉
少尉Collins	威尔伯特·D·柯林斯少尉
Collins少尉	威尔伯特·D·柯林斯少尉
少尉威尔伯特·D·柯林斯	威尔伯特·D·柯林斯少尉
威尔伯特·D·柯林斯少尉	威尔伯特·D·柯林斯少尉
Michiru Isumi, Capt.	伊隅美知留大尉
Michiru Isumi Capt.	伊隅美知留大尉
Michiru Isumi, Captain	伊隅美知留大尉
Michiru Isumi Captain	伊隅美知留大尉
Capt. Isumi Michiru	伊隅美知留大尉
Isumi Michiru, Capt.	伊隅美知留大尉
Isumi Michiru Capt.	伊隅美知留大尉
Captain Isumi Michiru	伊隅美知留大尉
Isumi Michiru, Captain	伊隅美知留大尉
Isumi Michiru Captain	伊隅美知留大尉
Isumi, Capt.	伊隅美知留大尉
Isumi Capt.	伊隅美知留大尉
Isumi, Captain	伊隅美知留大尉
Isumi Captain	伊隅美知留大尉
Capt. 伊隅みちる	伊隅美知留大尉
伊隅みちる, Capt.	伊隅美知留大尉
伊隅みちる Capt.	伊隅美知留大尉
Captain 伊隅みちる	伊隅美知留大尉
伊隅みちる, Captain	伊隅美知留大尉
伊隅みちる Captain	伊隅美知留大尉
Capt. 伊隅美知留	伊隅美知留大尉
伊隅美知留, Capt.	伊隅美知留大尉
伊隅美知留 Capt.	伊隅美知留大尉
Captain 伊隅美知留	伊隅美知留大尉
伊隅美知留, Captain	伊隅美知留大尉
伊隅美知留 Captain	伊隅美知留大尉
大尉Michiru Isumi	伊隅美知留大尉
Michiru Isumi大尉	伊隅美知留大尉
大尉Isumi Michiru	伊隅美知留大尉
Isumi Michiru大尉	伊隅美知留大尉
大尉Isumi	伊隅美知留大尉
Isumi大尉	伊隅美知留大尉
大尉伊隅みちる	伊隅美知留大尉
伊隅みちる大尉	伊隅美知留大尉
大尉伊隅美知留	伊隅美知留大尉
伊隅美知留大尉	伊隅美知留大尉
Maj. 神宫司麻理茉	神宫司麻理茉少佐
神宫司麻理茉, Maj.	神宫司麻理茉少佐
神宫司麻理茉 Maj.	神宫司麻理茉少佐
Major 神宫司麻理茉	神宫司麻理茉少佐
神宫司麻理茉, Major	神宫司麻理茉少佐
神宫司麻理茉 Major	神宫司麻理茉少佐
少佐神宫司麻理茉	神宫司麻理茉少佐
神宫司麻理茉少佐	神宫司麻理茉少佐
Maj. 神宮司	神宫司少佐
Major 神宮司	神宫司少佐
神宫司少佐	神宫司少佐
神宫寺麻理茂	神宫司麻理茉
神宫寺麻理茉	神宫司麻理茉
Jinguji Marimo	神宫司麻理茉
Ellen & Shizuku	艾伦・雫
Ellen ＆ Shizuku	艾伦・雫
Ellen and Shizuku	艾伦・雫
Hibiki & Yuzuka	响・柚香
Hibiki ＆ Yuzuka	响・柚香
Hibiki and Yuzuka	响・柚香
Tatsunami	龙浪
龍浪	龙浪
竜浪	龙浪
Sendo	千堂
Sendou	千堂
千堂	千堂
仙道	千堂
Lt. Sendo	千堂少尉
Lieutenant Sendo	千堂少尉
2nd Lt. Sendo	千堂少尉
Second Lieutenant Sendo	千堂少尉
2nd Lieutenant Sendo	千堂少尉
Sendo, Lt.	千堂少尉
Sendo Lt.	千堂少尉
Sendo, Lieutenant	千堂少尉
Sendo Lieutenant	千堂少尉
Sendo, 2nd Lt.	千堂少尉
Sendo 2nd Lt.	千堂少尉
Sendo, Second Lieutenant	千堂少尉
Sendo Second Lieutenant	千堂少尉
Lt. Sendou	千堂少尉
Lieutenant Sendou	千堂少尉
2nd Lt. Sendou	千堂少尉
Second Lieutenant Sendou	千堂少尉
2nd Lieutenant Sendou	千堂少尉
Sendou, Lt.	千堂少尉
Sendou Lt.	千堂少尉
Sendou, Lieutenant	千堂少尉
Sendou Lieutenant	千堂少尉
Sendou, 2nd Lt.	千堂少尉
Sendou 2nd Lt.	千堂少尉
Sendou, Second Lieutenant	千堂少尉
Sendou Second Lieutenant	千堂少尉
少尉Sendo	千堂少尉
Sendo少尉	千堂少尉
少尉Sendou	千堂少尉
Sendou少尉	千堂少尉
少尉千堂	千堂少尉
Lt. Tatsunami	龙浪中尉
Lieutenant Tatsunami	龙浪中尉
First Lieutenant Tatsunami	龙浪中尉
Tatsunami, Lt.	龙浪中尉
Tatsunami Lt.	龙浪中尉
Tatsunami, Lieutenant	龙浪中尉
Tatsunami Lieutenant	龙浪中尉
中尉Tatsunami	龙浪中尉
Tatsunami中尉	龙浪中尉
Aice	艾斯
Lt. Aice	艾斯少尉
Lieutenant Aice	艾斯少尉
2nd Lt. Aice	艾斯少尉
Second Lieutenant Aice	艾斯少尉
Aice, Lt.	艾斯少尉
Aice Lt.	艾斯少尉
Aice, Lieutenant	艾斯少尉
Aice Lieutenant	艾斯少尉
Aice, 2nd Lt.	艾斯少尉
Aice 2nd Lt.	艾斯少尉
Aice, Second Lieutenant	艾斯少尉
Aice Second Lieutenant	艾斯少尉
少尉Aice	艾斯少尉
Aice少尉	艾斯少尉
Miono	美樱乃
Lt. Miono	美樱乃少尉
Lieutenant Miono	美樱乃少尉
2nd Lt. Miono	美樱乃少尉
Second Lieutenant Miono	美樱乃少尉
2nd Lieutenant Miono	美樱乃少尉
Miono, Lt.	美樱乃少尉
Miono Lt.	美樱乃少尉
Miono, Lieutenant	美樱乃少尉
Miono Lieutenant	美樱乃少尉
Miono, 2nd Lt.	美樱乃少尉
Miono 2nd Lt.	美樱乃少尉
Miono, Second Lieutenant	美樱乃少尉
Miono Second Lieutenant	美樱乃少尉
少尉Miono	美樱乃少尉
Miono少尉	美樱乃少尉
Jinguuji	神宫司
Jinguji	神宫司
Matsukaze	松风
Lt. Matsukaze	松风中尉
Lieutenant Matsukaze	松风中尉
First Lieutenant Matsukaze	松风中尉
Matsukaze, Lt.	松风中尉
Matsukaze Lt.	松风中尉
Matsukaze, Lieutenant	松风中尉
Matsukaze Lieutenant	松风中尉
中尉Matsukaze	松风中尉
Matsukaze中尉	松风中尉
Ogami	大上
Lt. Ogami	大上中尉
Lieutenant Ogami	大上中尉
First Lieutenant Ogami	大上中尉
Ogami, Lt.	大上中尉
Ogami Lt.	大上中尉
Ogami, Lieutenant	大上中尉
Ogami Lieutenant	大上中尉
中尉Ogami	大上中尉
Ogami中尉	大上中尉
Kusumoto	楠本
Sgt. Kusumoto	楠本军曹
Sergeant Kusumoto	楠本军曹
Kusumoto, Sgt.	楠本军曹
Kusumoto Sgt.	楠本军曹
Kusumoto, Sergeant	楠本军曹
Kusumoto Sergeant	楠本军曹
军曹Kusumoto	楠本军曹
Kusumoto军曹	楠本军曹
神宮司	神宫司
米軍衛士	美军卫士
Babylon Operation	巴比伦作战
フォートルイス	刘易斯堡
フォートルイス基地	刘易斯堡基地
フォートルイス米軍基地	刘易斯堡美军基地
イカルガ閣下	斑鸠阁下
レア・ゲグラン	蕾娅·盖克兰
ボクサー	拳师号
Boxer Operator	博克瑟号操作员
ＡＨパイロット	AH卫士
Ｂ小隊	B小队
ＮＯＲＡＤ職員	NORAD工作人员
アイアンサイド大尉	艾恩赛德上尉
アナウンサー	播音员
アマンダ	阿曼达
アンナ	安娜
ウィル	威尔
ウォードッグス	战犬
ウォードッグ小隊	战犬小队
エレン	艾伦
エレン・雫	艾伦・雫
エレン・雫・松風	艾伦・雫・松风
エレン・柚香	艾伦・柚香
オペレーター	操作员
カナダ軍衛士	加拿大军卫士
カナダ軍衛士たち	加拿大军卫士们
カメラマン	摄影师
キャスター	主播
クレインズ	鹤中队
ゲグラン少佐	盖克兰少佐
サラマンダー１	火蜥蜴1
サラマンダー２	火蜥蜴2
サラマンダーズ	火蜥蜴队
シアトル市民	西雅图市民
ダリル	达里尔
デモ隊メンバー	示威队成员
ナイヴス２	黑刃2
ナイヴス３	黑刃3
ナイヴス４	黑刀4
ナイトオウル隊	夜枭飞行队
ハンター５	猎人5
ハンター７	猎人7
ハンター９	猎人9
ハンターズ	猎人队
ヒル中尉	希尔中尉
フェザント２	雉鸡2
ブライアン	布莱恩
ブラックナイヴス	黑刃队
フランス衛士たち	法国卫士们
フランス軍	法军
フランス軍ＣＰ	法军CP
フランス軍オペレーター	法军操作员
フランス軍衛士	法军卫士
フランス軍衛士たち	法军卫士们
フランス軍士官	法军士官
フランス軍少佐	法军少佐
フランス軍大尉	法军上尉
フランス人	法国人
フランス代表	法国代表
ホーンド３	号角3
ホーンド中隊	号角中队
ボクサーＯＰ	博克瑟号操作员
ボクサーオペレーター	博克瑟号操作员
マクガイヤ准将	麦圭尔准将
マザーグース１	鹅妈妈1
マリア	玛丽亚
メルヴィナ	梅尔维娜
ラトルスネーク１	响尾蛇1
リーナ	莉娜
リヴィエール大尉	里维埃上尉
リリア	莉莉娅
レポーター	记者
医官	军医
医者	医生
一同	众人
一郎	一郎
衛士たち	卫士们
欧州派遣軍衛士	欧洲派遣军卫士
河崎重工専務	河崎重工专务
監査官	监察官
監察官	监察官
看護師	护士
記者	记者
軌道港ＯＰ	轨道港操作员
軌道降下兵	轨道降下兵
軌道降下兵たち	轨道降下兵们
響	响
響・ヒル中尉	响・希尔中尉
響・月詠中尉	响・月咏中尉
響・柚香	响・柚香
響・柚香・エレン	响・柚香・艾伦
響・柚香・エレン・雫	响・柚香・艾伦・雫
駒木大尉	驹木上尉
月詠中尉	月咏中尉
元帝国軍衛士	前帝国军卫士
元帝国軍衛士たち	前帝国军卫士们
古手川先生	古手川老师
伍長	伍长
広報官	宣传官
沙霧大尉	沙雾上尉
咲代子	咲代子
参加者	参加者
司会	主持人
子ども	孩子
子どもたち	孩子们
子ども達	孩子们
子供	孩子
市民	市民
斯衛	斯卫
斯衛衛士	斯卫卫士
斯衛軍衛士	斯卫军卫士
斯衛軍衛士１	斯卫军卫士1
斯衛軍衛士たち	斯卫军卫士们
事務官	事务官
寺本	寺本
戎少尉	戎少尉
助手	助手
女	女性
女の子	女孩
女の声	女性的声音
女衛士	女卫士
女衛士１	女卫士1
松風	松风
松風部下１	松风的部下1
松風部下２	松风的部下2
松風部下３	松风的部下3
職員	工作人员
真壁中佐	真壁中佐
神代・戎・巴	神代・戎・巴
神代・巴	神代・巴
神代・巴・戎	神代・巴・戎
神代少尉	神代少尉
神代少尉・巴少尉・戎少尉	神代少尉・巴少尉・戎少尉
整備班長	整备班长
声	声音
千堂専務	千堂专务
戦車兵	坦克兵
浅葱	浅葱
側近	侧近
側近たち	侧近们
隊員	队员
隊長	队长
大上中尉	大上中尉
大和オペレーター	大和号操作员
大和艦長	大和号舰长
担当官	负责人
男	男性
男の子	少年
帝国ＣＰオペレーター	帝国CP操作员
帝国ＨＱオペレーター	帝国HQ操作员
帝国衛士	帝国卫士
帝国衛士たち	帝国卫士们
帝国欧州派遣軍	帝国欧洲派遣军
帝国海軍参謀	帝国海军参谋
帝国海軍提督	帝国海军提督
帝国軍衛士	帝国军卫士
帝国軍衛士たち	帝国军卫士们
帝国軍将官	帝国军将官
帝国軍兵士	帝国军士兵
帝国軍兵士たち	帝国军士兵们
帝国斯衛衛士	帝国斯卫卫士
藤原大尉	藤原上尉
突入部隊	突入部队
謎の影	神秘影子
楠本	楠本
日本軍士官	日本军士官
巴少尉	巴少尉
白銀中尉	白银中尉
斑鳩	斑鸠
斑鳩閣下	斑鸠阁下
秘書	秘书
副長	副长
仏軍衛士	法军卫士
兵士	士兵
米軍衛士たち	美军卫士们
米軍士官	美军士官
米軍提督	美军提督
米国衛士	美国卫士
米国議員	美国议员
米国空軍	美国空军
米国士官	美国士官
米国人衛士	美国人卫士
米国人衛士たち	美国人卫士们
悠陽殿下	悠阳殿下
柚香	柚香
柚香・エレン	柚香・艾伦
柚香・エレン・雫	柚香・艾伦・雫
柚香・雫	柚香・雫
労働者	工人
労働者たち	工人们
老人	老人
和美	和美
イーグル	鹰
ウォードッグ隊	战犬队
カロネード	卡洛内德
カロネード隊	卡洛内德队
ドレイク	德雷克
ドレイク・カロネード	德雷克、卡洛内德
クレイン中隊	鹤中队
サラマンダー	蝾螈
サラマンダー隊	蝾螈队
ナイトオウル	夜枭
ナイヴス	黑刃
ブラックナイヴス小隊	黑刃小队
ブラックバード	黑鸟
ホーンド	号角
フェザント	雉鸡
フェザント中隊	雉鸡中队
強襲揚陸艦ボクサー	强袭登陆舰拳师号
マザーグース	鹅妈妈号
装甲駆逐艦マザーグース	装甲驱逐舰鹅妈妈号
ラトルスネーク	响尾蛇
大和	大和
ＪＦＫ	JFK
帝国連合艦隊	帝国联合舰队
日本帝国欧州派遣軍	日本帝国欧洲派遣军
日本帝国欧州派遣軍イーグル中隊	日本帝国欧洲派遣军鹰中队
帝国陸軍特殊作戦団第一歩兵連隊第一中隊	帝国陆军特殊作战团第一步兵连第一中队
米国海兵隊戦術機部隊ブラックナイヴス	美国海军陆战队战术机部队黑刃队
米国海軍戦術機母艦	美国海军战术机母舰
米国陸軍第１軍団第６６戦術機甲大隊	美国陆军第1军团第66战术机甲大队
米国陸軍第６６戦術機甲大隊	美国陆军第66战术机甲大队
国連宇宙総軍第６軌道降下兵団	联合国宇宙总军第6轨道降下兵团
ボーニング社	波宁公司
生産プラント	生产设施
少尉	少尉
ＢＥＴＡ	BETA
海兵隊	海军陆战队
ナイヴス１	黑刃1
中尉	中尉
海兵隊員	海军陆战队员
ソルティ・ベース	索尔蒂基地
シェルベリ	谢尔贝里
シドニー	悉尼
海軍	海军
ハワイ	夏威夷
戦術機部隊	战术机部队
合衆国	合众国
衛星	卫星
ブルーオーシャン	蓝海
ＧＰＳ	GPS
ブルーオーシャン作戦	蓝海作战
データリンク	数据链
バビロン	巴比伦
ビッグ・マム	Big Mom
米国人	美国人
本国	本国
オーストラリア	澳大利亚
クソ	该死
ゲティスバーグ	葛底斯堡
ユーラシア	欧亚大陆
戦術機隊	战术机队
低軌道衛星	低轨道卫星
バスター１	破坏者1
レナード	伦纳德
ウィルバート・コリンズ	威尔伯特·柯林斯
ジョン・Ｆ・ケネディ	约翰·F·肯尼迪
フライング・ブーム作戦	飞行吊杆作战
戦術歩行戦闘機隊	战术步行战斗机队
第３１８戦術歩行戦闘機隊	第318战术步行战斗机队
米国海兵隊第	美国海军陆战队第
バスターズ	破坏者队
インド	印度
フライング・ブーム	飞行吊杆
マクマナス	麦克马纳斯
コリンズ	柯林斯
ケネディ	肯尼迪
マルドゥーク	马尔杜克
分遣隊	分遣队
司令部	司令部
母艦打撃群司令部	母舰打击群司令部
海兵戦術機隊	海军陆战队战术机队
海兵隊同士	海军陆战队同僚
軍人	军人
部隊	部队
地球	地球
ブロック	区块
ヤンキー・ステーション	扬基站
ニミッツ	尼米兹
ウィルバート・Ｄ・コリンズ	威尔伯特·D·柯林斯
Ｃ２８	C28
Ｆ－１８Ｅ	F-18E
センパー・ファイ	永远忠诚
おっかさん	Big Mom
准将	准将
上陸部隊	登陆部队
個小隊	个小队
全戦術機部隊	全战术机部队
分隊編成	分队编成
友軍	友军
各部隊指揮官	各部队指挥官
捜索隊	搜索队
海兵隊第	海军陆战队第
海軍戦術機部隊	海军战术机部队
第３１８戦術機隊	第318战术机队
米軍	美军
軍葬	军葬
軍隊	军队
部隊葬	部队葬
低軌道観測衛星	低轨道观测卫星
偵察衛星	侦察卫星
南太平洋	南太平洋
太平洋	太平洋
陸地	陆地
静止衛星	静止卫星
オール・ナイヴス	黑刃全机
ナイヴス・リード	黑刃长机
カタパルト	弹射器
ゴーファー・ステート	戈弗州
センサー	传感器
プランＤ	D计划
ミサイル	导弹
レベル４	第4层
エンタープライズ	企业号
キング	国王号
ヨコハマ	横滨
リンク	链路
メルヴィナ・アードヴァニー	梅尔维娜·阿德瓦尼
Ｅ１２	E12
Ｇ－Ｄ	G-D
セキュリティ・クリアランス	安全许可
バディ	搭档
ホーム	归处
機密開示証明	安全许可
個中隊	个中队
儀杖隊	仪仗队
国連	联合国
国連統合参謀会議	联合国联合参谋会议
基地	基地
多分隊長	大概是队长
探検隊	探险队
援軍	援军
歩兵小隊	步兵小队
海兵隊少尉	海军陆战队少尉
海軍側	海军方面
海軍駐留拠点	海军驻留据点
第三次作戦	第三次作战
第５３６海兵戦術機隊	第536海军陆战队战术机队
米国海兵隊	美国海军陆战队
米国海兵隊員	美国海军陆战队员
米国籍	美国国籍
米国軍人	美国军人
一ヶ月	一个月
先月	上个月
惑星	行星
目的地	目的地
英国	英国
要領	要领
豪州	澳洲
集結予定地	预定集结地点
ナイヴス３カタパルト	黑刃3弹射器
バスター２	破坏者2
ァァ	啊啊
エリア	区域
カメラ	摄像机
ケーブル	电缆
コスト	成本
コントロール	管制
システムチェック	系统检查
ジェット	喷气
ジェントル	绅士
ジャンヌ・デュカス	让娜·迪卡斯
ジョーク	玩笑
スパイク	锚钉
タイプ	类型
ダイエット	减肥
テメェ	你这混蛋
データベース	数据库
トラブル	麻烦
ノー・マム	不，长官
バッテリー	电池
ビーコン	信标
ファック	妈的
ファランクス	密集阵
フィリピン	菲律宾
フェデリカ・ベクレル	费德丽卡·贝克勒尔
ブリーフィング	简报
プログラム	程序
ユニット	单元
リスク	风险
リスト	名单
ロケットモーター	火箭发动机
ローゼンバーグ	罗森伯格
ジョージ・ワシントン	乔治·华盛顿
ズムウォルト	朱姆沃尔特
メートル	米
モットー	座右铭
モード・オート・スペシャル	自动特殊模式
ダリル・マクマナス	达里尔·麦克马纳斯
ケネディ・コントロール	肯尼迪管制
Ａ－６	A-6
ＣＶＮ－６７	CVN-67
ＫＩＡ	KIA
Ｍ－４	M-4
エレメント	分队
ドッグタグ	身份牌
ビッグマム	Big Mom
メモリアル・デイ	阵亡将士纪念日
リソース	资源
僚機	僚机
常に忠誠	永远忠诚
常に忠誠を	永远忠诚
戦没将兵追悼記念日	阵亡将士纪念日
中隊	中队
元々分遣隊	原本是分遣队
入隊	入队
全部隊	全部队
合衆国海兵隊	合众国海军陆战队
地上基地	地面基地
大体作戦	大体作战
大規模作戦	大规模作战
小隊	小队
弔銃隊	鸣枪队
我々海兵戦術機隊	我方海军陆战队战术机队
我々海兵隊	我方海军陆战队
戦術機分隊	战术机分队
戦術機小隊	战术机小队
探索部隊	探索部队
揚陸作戦	登陆作战
攻略部隊	攻略部队
敵本隊	敌本队
本艦海兵隊	本舰海军陆战队
機分隊	机分队
機械化装甲歩兵部隊	机械化装甲步兵部队
母艦戦術機隊	母舰战术机队
決死隊	敢死队
海兵分遣隊	海军陆战队分遣队
海兵連隊	海军陆战队团
海兵隊歩兵小隊	海军陆战队步兵小队
海兵隊陸戦部隊	海军陆战队陆战部队
海軍戦術機隊	海军战术机队
海軍補給部隊	海军补给部队
第３海兵連隊	第3海军陆战队团
第３１８海兵戦術機隊	第318海军陆战队战术机队
第５３６戦術機隊	第536战术机队
第５３６戦術歩行戦闘機隊	第536战术步行战斗机队
艦隊	舰队
通信可能全域部隊	通信范围内全体部队
騎兵隊	骑兵队
オール・バスターズ	破坏者全机
レイジング・バスターズ	狂怒破坏者队
アイ・マム	是，长官
ウェルカム・ホーム	欢迎回家
カレン・グラーノ	卡伦·格拉诺
コード８１１	代码811
ジーン・カミンスキー	吉恩·卡明斯基
ステーション	站位
デニス・モンロー	丹尼斯·门罗
ビッグマム・コンビ	Big Mom组合
ビッグ・マム２	Big Mom 2号
ピクニック・プラン	野餐计划
モン・サン・ミシェル	圣米歇尔山
グラハム・ローゼンバーグ	格雷厄姆·罗森伯格
ブラディ・ナイトメア	血色噩梦
レナード・ヴァンゴーア	伦纳德·梵高尔
ローカルデータベース	本地数据库
ダリル・ザ・ビッグマム・マクマナス	达里尔·“Big Mom”·麦克马纳斯
ダリル・Ａ・マクマナス	达里尔·A·麦克马纳斯
リリア・シェル	莉莉娅·谢尔
ケネディ・ホテル	肯尼迪旅馆
ビッグ・ケネディ	大肯尼迪
ホテル・ケネディ	肯尼迪旅馆
アテンション・オン・デック	全员立正
インペリアル	帝国
ウチ	我方/本舰
クリーン・アメリカンズ	纯正美国人
グランド・オーシャン・スライド	大海崩
ジェーン・ドゥ	无名女尸
スーパーホーネット	超级大黄蜂
デストロイヤー	驱逐舰
トップヘビー	头重脚轻
パワーダイブ	动力俯冲
ビンゴ・フュエル	返航燃料
フネ	船
ブラック・ナイヴス・ドント・クイット	黑刃永不放弃
ボデイバッグ	尸袋
レーザー	激光
あなたたち	你们
かもしれない	也许
これからも	今后也
そんなの必要ない	不需要那种东西
まだ	还
体重	体重
俺たちは皆	我们所有人
光線	激光
到着予想時刻	预计到达时间
動力降下	动力俯冲
名無しの死体	无名尸体
大海崩	大海崩
孤島	孤岛
帰投可能推進剤残量	返航燃料余量
性能のいい	性能好的
捷報	捷报
未帰還	未归还
本来の隊長	原本的队长
正純米国主義	纯正美国主义
死体も出ない	连尸体都找不到
死体袋	尸袋
母艦	母舰
母艦自体	母舰本身
汚れ	污垢
注意を怠るな	不得疏忽警戒
海兵第３１８戦術機隊	海军陆战队第318战术机队
海兵隊第３１８戦術機隊	海军陆战队第318战术机队
物資	物资
特技	特长
状況に鑑み	鉴于情况
生涯忠誠	终身忠诚
相棒	搭档
突撃	突击
第３１８戦術機隊は諦めない	第318战术机队绝不放弃
総員気をつけ	全员立正
西洋風の名前をつけてまで	甚至取了西式名字
認識票	身份牌
誰かが	有人
識別票	识别牌
輸送任務	运输任务
近接兵器	近接武器
選択肢	选项
重くても	再重也
頭でっかち	头重脚轻
２機分隊行動	双机分队行动
９６日が経ちました	已经过了96天
ウィル・リリア	威尔·莉莉娅
オールストン准将	奥尔斯顿准将
テイラー大将	泰勒大将
マクマナス中尉	麦克马纳斯中尉
整備兵	整备兵
航海長	航海长
軍医	军医
ＪＦＫオペレーター	JFK操作员
ＪＦＫオペレーター１	JFK操作员1
ＪＦＫオペレーター２	JFK操作员2
デポ方式	补给站方式
ウィル坊	小威尔
